origin,destination,year,visitors,kind,origin_canon,destination_canon
Johor,Johor,2011,1686.1,actual,Johor,Johor
Johor,Kedah,2011,193.7,actual,Johor,Kedah
Johor,Kelantan,2011,77.4,actual,Johor,Kelantan
Johor,Melaka,2011,298.6,actual,Johor,Malacca
Johor,Negeri Sembilan,2011,339.3,actual,Johor,Negeri Sembilan
Johor,Pahang,2011,162.8,actual,Johor,Pahang
Johor,Pulau Pinang,2011,53.0,actual,Johor,Penang
Johor,Perak,2011,172.9,actual,Johor,Perak
Johor,Perlis,2011,48.1,actual,Johor,Perlis
Johor,Selangor,2011,195.9,actual,Johor,Selangor
Johor,Terengganu,2011,59.2,actual,Johor,Terengganu
Johor,Sabah,2011,19.9,actual,Johor,Sabah
Johor,Sarawak,2011,12.2,actual,Johor,Sarawak
Johor,W.P. Kuala Lumpur,2011,465.1,actual,Johor,Kuala Lumpur
Johor,W.P. Labuan,2011,15.1,actual,Johor,Labuan
Johor,W.P. Putrajaya,2011,39.5,actual,Johor,Putrajaya
Kedah,Johor,2011,71.7,actual,Kedah,Johor
Kedah,Kedah,2011,1609.4,actual,Kedah,Kedah
Kedah,Kelantan,2011,95.4,actual,Kedah,Kelantan
Kedah,Melaka,2011,84.4,actual,Kedah,Malacca
Kedah,Negeri Sembilan,2011,103.0,actual,Kedah,Negeri Sembilan
Kedah,Pahang,2011,96.4,actual,Kedah,Pahang
Kedah,Pulau Pinang,2011,443.6,actual,Kedah,Penang
Kedah,Perak,2011,403.6,actual,Kedah,Perak
Kedah,Perlis,2011,158.1,actual,Kedah,Perlis
Kedah,Selangor,2011,251.1,actual,Kedah,Selangor
Kedah,Terengganu,2011,112.5,actual,Kedah,Terengganu
Kedah,Sabah,2011,0.0,actual,Kedah,Sabah
Kedah,Sarawak,2011,3.5,actual,Kedah,Sarawak
Kedah,W.P. Kuala Lumpur,2011,175.1,actual,Kedah,Kuala Lumpur
Kedah,W.P. Labuan,2011,2.6,actual,Kedah,Labuan
Kedah,W.P. Putrajaya,2011,12.3,actual,Kedah,Putrajaya
Kelantan,Johor,2011,54.2,actual,Kelantan,Johor
Kelantan,Kedah,2011,380.7,actual,Kelantan,Kedah
Kelantan,Kelantan,2011,705.8,actual,Kelantan,Kelantan
Kelantan,Melaka,2011,18.5,actual,Kelantan,Malacca
Kelantan,Negeri Sembilan,2011,89.6,actual,Kelantan,Negeri Sembilan
Kelantan,Pahang,2011,87.4,actual,Kelantan,Pahang
Kelantan,Pulau Pinang,2011,63.6,actual,Kelantan,Penang
Kelantan,Perak,2011,45.9,actual,Kelantan,Perak
Kelantan,Perlis,2011,73.3,actual,Kelantan,Perlis
Kelantan,Selangor,2011,283.8,actual,Kelantan,Selangor
Kelantan,Terengganu,2011,242.5,actual,Kelantan,Terengganu
Kelantan,Sabah,2011,0.0,actual,Kelantan,Sabah
Kelantan,Sarawak,2011,0.0,actual,Kelantan,Sarawak
Kelantan,W.P. Kuala Lumpur,2011,82.3,actual,Kelantan,Kuala Lumpur
Kelantan,W.P. Labuan,2011,4.6,actual,Kelantan,Labuan
Kelantan,W.P. Putrajaya,2011,35.1,actual,Kelantan,Putrajaya
Melaka,Johor,2011,323.2,actual,Malacca,Johor
Melaka,Kedah,2011,32.9,actual,Malacca,Kedah
Melaka,Kelantan,2011,26.3,actual,Malacca,Kelantan
Melaka,Melaka,2011,341.1,actual,Malacca,Malacca
Melaka,Negeri Sembilan,2011,221.4,actual,Malacca,Negeri Sembilan
Melaka,Pahang,2011,74.0,actual,Malacca,Pahang
Melaka,Pulau Pinang,2011,14.5,actual,Malacca,Penang
Melaka,Perak,2011,24.9,actual,Malacca,Perak
Melaka,Perlis,2011,50.2,actual,Malacca,Perlis
Melaka,Selangor,2011,154.8,actual,Malacca,Selangor
Melaka,Terengganu,2011,26.3,actual,Malacca,Terengganu
Melaka,Sabah,2011,9.3,actual,Malacca,Sabah
Melaka,Sarawak,2011,0.0,actual,Malacca,Sarawak
Melaka,W.P. Kuala Lumpur,2011,136.0,actual,Malacca,Kuala Lumpur
Melaka,W.P. Labuan,2011,0.5,actual,Malacca,Labuan
Melaka,W.P. Putrajaya,2011,6.3,actual,Malacca,Putrajaya
Negeri Sembilan,Johor,2011,265.3,actual,Negeri Sembilan,Johor
Negeri Sembilan,Kedah,2011,71.8,actual,Negeri Sembilan,Kedah
Negeri Sembilan,Kelantan,2011,76.1,actual,Negeri Sembilan,Kelantan
Negeri Sembilan,Melaka,2011,246.5,actual,Negeri Sembilan,Malacca
Negeri Sembilan,Negeri Sembilan,2011,467.0,actual,Negeri Sembilan,Negeri Sembilan
Negeri Sembilan,Pahang,2011,97.6,actual,Negeri Sembilan,Pahang
Negeri Sembilan,Pulau Pinang,2011,91.8,actual,Negeri Sembilan,Penang
Negeri Sembilan,Perak,2011,112.0,actual,Negeri Sembilan,Perak
Negeri Sembilan,Perlis,2011,32.5,actual,Negeri Sembilan,Perlis
Negeri Sembilan,Selangor,2011,133.5,actual,Negeri Sembilan,Selangor
Negeri Sembilan,Terengganu,2011,43.5,actual,Negeri Sembilan,Terengganu
Negeri Sembilan,Sabah,2011,1.4,actual,Negeri Sembilan,Sabah
Negeri Sembilan,Sarawak,2011,1.4,actual,Negeri Sembilan,Sarawak
Negeri Sembilan,W.P. Kuala Lumpur,2011,146.8,actual,Negeri Sembilan,Kuala Lumpur
Negeri Sembilan,W.P. Labuan,2011,0.6,actual,Negeri Sembilan,Labuan
Negeri Sembilan,W.P. Putrajaya,2011,0.0,actual,Negeri Sembilan,Putrajaya
Pahang,Johor,2011,200.4,actual,Pahang,Johor
Pahang,Kedah,2011,134.3,actual,Pahang,Kedah
Pahang,Kelantan,2011,204.4,actual,Pahang,Kelantan
Pahang,Melaka,2011,67.1,actual,Pahang,Malacca
Pahang,Negeri Sembilan,2011,283.7,actual,Pahang,Negeri Sembilan
Pahang,Pahang,2011,946.5,actual,Pahang,Pahang
Pahang,Pulau Pinang,2011,90.1,actual,Pahang,Penang
Pahang,Perak,2011,85.9,actual,Pahang,Perak
Pahang,Perlis,2011,55.0,actual,Pahang,Perlis
Pahang,Selangor,2011,263.8,actual,Pahang,Selangor
Pahang,Terengganu,2011,258.7,actual,Pahang,Terengganu
Pahang,Sabah,2011,11.6,actual,Pahang,Sabah
Pahang,Sarawak,2011,2.5,actual,Pahang,Sarawak
Pahang,W.P. Kuala Lumpur,2011,240.9,actual,Pahang,Kuala Lumpur
Pahang,W.P. Labuan,2011,0.3,actual,Pahang,Labuan
Pahang,W.P. Putrajaya,2011,23.4,actual,Pahang,Putrajaya
Pulau Pinang,Johor,2011,44.9,actual,Penang,Johor
Pulau Pinang,Kedah,2011,771.2,actual,Penang,Kedah
Pulau Pinang,Kelantan,2011,89.2,actual,Penang,Kelantan
Pulau Pinang,Melaka,2011,44.5,actual,Penang,Malacca
Pulau Pinang,Negeri Sembilan,2011,66.2,actual,Penang,Negeri Sembilan
Pulau Pinang,Pahang,2011,56.5,actual,Penang,Pahang
Pulau Pinang,Pulau Pinang,2011,298.6,actual,Penang,Penang
Pulau Pinang,Perak,2011,267.5,actual,Penang,Perak
Pulau Pinang,Perlis,2011,148.7,actual,Penang,Perlis
Pulau Pinang,Selangor,2011,116.3,actual,Penang,Selangor
Pulau Pinang,Terengganu,2011,16.5,actual,Penang,Terengganu
Pulau Pinang,Sabah,2011,16.6,actual,Penang,Sabah
Pulau Pinang,Sarawak,2011,6.4,actual,Penang,Sarawak
Pulau Pinang,W.P. Kuala Lumpur,2011,308.1,actual,Penang,Kuala Lumpur
Pulau Pinang,W.P. Labuan,2011,10.3,actual,Penang,Labuan
Pulau Pinang,W.P. Putrajaya,2011,39.1,actual,Penang,Putrajaya
Perak,Johor,2011,69.0,actual,Perak,Johor
Perak,Kedah,2011,227.5,actual,Perak,Kedah
Perak,Kelantan,2011,82.7,actual,Perak,Kelantan
Perak,Melaka,2011,63.9,actual,Perak,Malacca
Perak,Negeri Sembilan,2011,66.2,actual,Perak,Negeri Sembilan
Perak,Pahang,2011,88.2,actual,Perak,Pahang
Perak,Pulau Pinang,2011,401.3,actual,Perak,Penang
Perak,Perak,2011,796.9,actual,Perak,Perak
Perak,Perlis,2011,62.9,actual,Perak,Perlis
Perak,Selangor,2011,204.6,actual,Perak,Selangor
Perak,Terengganu,2011,10.9,actual,Perak,Terengganu
Perak,Sabah,2011,4.1,actual,Perak,Sabah
Perak,Sarawak,2011,15.6,actual,Perak,Sarawak
Perak,W.P. Kuala Lumpur,2011,387.2,actual,Perak,Kuala Lumpur
Perak,W.P. Labuan,2011,16.0,actual,Perak,Labuan
Perak,W.P. Putrajaya,2011,23.0,actual,Perak,Putrajaya
Perlis,Johor,2011,3.0,actual,Perlis,Johor
Perlis,Kedah,2011,13.3,actual,Perlis,Kedah
Perlis,Kelantan,2011,0.5,actual,Perlis,Kelantan
Perlis,Melaka,2011,5.7,actual,Perlis,Malacca
Perlis,Negeri Sembilan,2011,3.6,actual,Perlis,Negeri Sembilan
Perlis,Pahang,2011,2.6,actual,Perlis,Pahang
Perlis,Pulau Pinang,2011,6.6,actual,Perlis,Penang
Perlis,Perak,2011,5.9,actual,Perlis,Perak
Perlis,Perlis,2011,1.4,actual,Perlis,Perlis
Perlis,Selangor,2011,2.7,actual,Perlis,Selangor
Perlis,Terengganu,2011,0.2,actual,Perlis,Terengganu
Perlis,Sabah,2011,0.0,actual,Perlis,Sabah
Perlis,Sarawak,2011,0.2,actual,Perlis,Sarawak
Perlis,W.P. Kuala Lumpur,2011,13.1,actual,Perlis,Kuala Lumpur
Perlis,W.P. Labuan,2011,2.6,actual,Perlis,Labuan
Perlis,W.P. Putrajaya,2011,0.6,actual,Perlis,Putrajaya
Selangor,Johor,2011,928.0,actual,Selangor,Johor
Selangor,Kedah,2011,970.1,actual,Selangor,Kedah
Selangor,Kelantan,2011,520.1,actual,Selangor,Kelantan
Selangor,Melaka,2011,914.5,actual,Selangor,Malacca
Selangor,Negeri Sembilan,2011,1253.7,actual,Selangor,Negeri Sembilan
Selangor,Pahang,2011,1051.2,actual,Selangor,Pahang
Selangor,Pulau Pinang,2011,1418.9,actual,Selangor,Penang
Selangor,Perak,2011,1401.7,actual,Selangor,Perak
Selangor,Perlis,2011,302.8,actual,Selangor,Perlis
Selangor,Selangor,2011,1374.0,actual,Selangor,Selangor
Selangor,Terengganu,2011,508.4,actual,Selangor,Terengganu
Selangor,Sabah,2011,91.3,actual,Selangor,Sabah
Selangor,Sarawak,2011,72.0,actual,Selangor,Sarawak
Selangor,W.P. Kuala Lumpur,2011,84.4,actual,Selangor,Kuala Lumpur
Selangor,W.P. Labuan,2011,8.4,actual,Selangor,Labuan
Selangor,W.P. Putrajaya,2011,9.0,actual,Selangor,Putrajaya
Terengganu,Johor,2011,73.0,actual,Terengganu,Johor
Terengganu,Kedah,2011,87.6,actual,Terengganu,Kedah
Terengganu,Kelantan,2011,268.6,actual,Terengganu,Kelantan
Terengganu,Melaka,2011,42.2,actual,Terengganu,Malacca
Terengganu,Negeri Sembilan,2011,44.7,actual,Terengganu,Negeri Sembilan
Terengganu,Pahang,2011,184.3,actual,Terengganu,Pahang
Terengganu,Pulau Pinang,2011,24.0,actual,Terengganu,Penang
Terengganu,Perak,2011,26.1,actual,Terengganu,Perak
Terengganu,Perlis,2011,37.4,actual,Terengganu,Perlis
Terengganu,Selangor,2011,87.1,actual,Terengganu,Selangor
Terengganu,Terengganu,2011,969.8,actual,Terengganu,Terengganu
Terengganu,Sabah,2011,1.6,actual,Terengganu,Sabah
Terengganu,Sarawak,2011,6.2,actual,Terengganu,Sarawak
Terengganu,W.P. Kuala Lumpur,2011,268.2,actual,Terengganu,Kuala Lumpur
Terengganu,W.P. Labuan,2011,2.5,actual,Terengganu,Labuan
Terengganu,W.P. Putrajaya,2011,11.5,actual,Terengganu,Putrajaya
Sabah,Johor,2011,41.3,actual,Sabah,Johor
Sabah,Kedah,2011,5.9,actual,Sabah,Kedah
Sabah,Kelantan,2011,0.0,actual,Sabah,Kelantan
Sabah,Melaka,2011,15.8,actual,Sabah,Malacca
Sabah,Negeri Sembilan,2011,0.0,actual,Sabah,Negeri Sembilan
Sabah,Pahang,2011,20.1,actual,Sabah,Pahang
Sabah,Pulau Pinang,2011,7.8,actual,Sabah,Penang
Sabah,Perak,2011,0.0,actual,Sabah,Perak
Sabah,Perlis,2011,0.0,actual,Sabah,Perlis
Sabah,Selangor,2011,25.2,actual,Sabah,Selangor
Sabah,Terengganu,2011,229.2,actual,Sabah,Terengganu
Sabah,Sabah,2011,2653.8,actual,Sabah,Sabah
Sabah,Sarawak,2011,23.9,actual,Sabah,Sarawak
Sabah,W.P. Kuala Lumpur,2011,92.7,actual,Sabah,Kuala Lumpur
Sabah,W.P. Labuan,2011,31.3,actual,Sabah,Labuan
Sabah,W.P. Putrajaya,2011,0.0,actual,Sabah,Putrajaya
Sarawak,Johor,2011,13.2,actual,Sarawak,Johor
Sarawak,Kedah,2011,1.7,actual,Sarawak,Kedah
Sarawak,Kelantan,2011,3.1,actual,Sarawak,Kelantan
Sarawak,Melaka,2011,6.9,actual,Sarawak,Malacca
Sarawak,Negeri Sembilan,2011,3.6,actual,Sarawak,Negeri Sembilan
Sarawak,Pahang,2011,5.7,actual,Sarawak,Pahang
Sarawak,Pulau Pinang,2011,9.4,actual,Sarawak,Penang
Sarawak,Perak,2011,4.4,actual,Sarawak,Perak
Sarawak,Perlis,2011,11.1,actual,Sarawak,Perlis
Sarawak,Selangor,2011,7.6,actual,Sarawak,Selangor
Sarawak,Terengganu,2011,17.0,actual,Sarawak,Terengganu
Sarawak,Sabah,2011,214.6,actual,Sarawak,Sabah
Sarawak,Sarawak,2011,2658.8,actual,Sarawak,Sarawak
Sarawak,W.P. Kuala Lumpur,2011,186.7,actual,Sarawak,Kuala Lumpur
Sarawak,W.P. Labuan,2011,3.3,actual,Sarawak,Labuan
Sarawak,W.P. Putrajaya,2011,2.6,actual,Sarawak,Putrajaya
W.P. Kuala Lumpur,Johor,2011,485.3,actual,Kuala Lumpur,Johor
W.P. Kuala Lumpur,Kedah,2011,578.4,actual,Kuala Lumpur,Kedah
W.P. Kuala Lumpur,Kelantan,2011,197.7,actual,Kuala Lumpur,Kelantan
W.P. Kuala Lumpur,Melaka,2011,580.5,actual,Kuala Lumpur,Malacca
W.P. Kuala Lumpur,Negeri Sembilan,2011,751.3,actual,Kuala Lumpur,Negeri Sembilan
W.P. Kuala Lumpur,Pahang,2011,496.3,actual,Kuala Lumpur,Pahang
W.P. Kuala Lumpur,Pulau Pinang,2011,609.9,actual,Kuala Lumpur,Penang
W.P. Kuala Lumpur,Perak,2011,684.9,actual,Kuala Lumpur,Perak
W.P. Kuala Lumpur,Perlis,2011,82.8,actual,Kuala Lumpur,Perlis
W.P. Kuala Lumpur,Selangor,2011,392.3,actual,Kuala Lumpur,Selangor
W.P. Kuala Lumpur,Terengganu,2011,137.9,actual,Kuala Lumpur,Terengganu
W.P. Kuala Lumpur,Sabah,2011,69.5,actual,Kuala Lumpur,Sabah
W.P. Kuala Lumpur,Sarawak,2011,53.6,actual,Kuala Lumpur,Sarawak
W.P. Kuala Lumpur,W.P. Kuala Lumpur,2011,67.8,actual,Kuala Lumpur,Kuala Lumpur
W.P. Kuala Lumpur,W.P. Labuan,2011,1.3,actual,Kuala Lumpur,Labuan
W.P. Kuala Lumpur,W.P. Putrajaya,2011,1.7,actual,Kuala Lumpur,Putrajaya
W.P. Labuan,Johor,2011,1.7,actual,Labuan,Johor
W.P. Labuan,Kedah,2011,1.8,actual,Labuan,Kedah
W.P. Labuan,Kelantan,2011,0.1,actual,Labuan,Kelantan
W.P. Labuan,Melaka,2011,0.0,actual,Labuan,Malacca
W.P. Labuan,Negeri Sembilan,2011,0.7,actual,Labuan,Negeri Sembilan
W.P. Labuan,Pahang,2011,0.0,actual,Labuan,Pahang
W.P. Labuan,Pulau Pinang,2011,0.7,actual,Labuan,Penang
W.P. Labuan,Perak,2011,0.2,actual,Labuan,Perak
W.P. Labuan,Perlis,2011,0.6,actual,Labuan,Perlis
W.P. Labuan,Selangor,2011,0.5,actual,Labuan,Selangor
W.P. Labuan,Terengganu,2011,4.9,actual,Labuan,Terengganu
W.P. Labuan,Sabah,2011,131.3,actual,Labuan,Sabah
W.P. Labuan,Sarawak,2011,20.4,actual,Labuan,Sarawak
W.P. Labuan,W.P. Kuala Lumpur,2011,6.7,actual,Labuan,Kuala Lumpur
W.P. Labuan,W.P. Labuan,2011,0.0,actual,Labuan,Labuan
W.P. Labuan,W.P. Putrajaya,2011,1.2,actual,Labuan,Putrajaya
W.P. Putrajaya,Johor,2011,60.6,actual,Putrajaya,Johor
W.P. Putrajaya,Kedah,2011,45.0,actual,Putrajaya,Kedah
W.P. Putrajaya,Kelantan,2011,44.6,actual,Putrajaya,Kelantan
W.P. Putrajaya,Melaka,2011,44.3,actual,Putrajaya,Malacca
W.P. Putrajaya,Negeri Sembilan,2011,51.1,actual,Putrajaya,Negeri Sembilan
W.P. Putrajaya,Pahang,2011,38.0,actual,Putrajaya,Pahang
W.P. Putrajaya,Pulau Pinang,2011,19.8,actual,Putrajaya,Penang
W.P. Putrajaya,Perak,2011,32.3,actual,Putrajaya,Perak
W.P. Putrajaya,Perlis,2011,12.7,actual,Putrajaya,Perlis
W.P. Putrajaya,Selangor,2011,36.5,actual,Putrajaya,Selangor
W.P. Putrajaya,Terengganu,2011,21.8,actual,Putrajaya,Terengganu
W.P. Putrajaya,Sabah,2011,5.4,actual,Putrajaya,Sabah
W.P. Putrajaya,Sarawak,2011,5.0,actual,Putrajaya,Sarawak
W.P. Putrajaya,W.P. Kuala Lumpur,2011,0.7,actual,Putrajaya,Kuala Lumpur
W.P. Putrajaya,W.P. Labuan,2011,2.4,actual,Putrajaya,Labuan
W.P. Putrajaya,W.P. Putrajaya,2011,0.0,actual,Putrajaya,Putrajaya
Johor,Johor,2012,1819.5,actual,Johor,Johor
Johor,Kedah,2012,110.2,actual,Johor,Kedah
Johor,Kelantan,2012,116.5,actual,Johor,Kelantan
Johor,Melaka,2012,524.8,actual,Johor,Malacca
Johor,Negeri Sembilan,2012,321.4,actual,Johor,Negeri Sembilan
Johor,Pahang,2012,349.0,actual,Johor,Pahang
Johor,Pulau Pinang,2012,97.0,actual,Johor,Penang
Johor,Perak,2012,291.8,actual,Johor,Perak
Johor,Perlis,2012,12.0,actual,Johor,Perlis
Johor,Selangor,2012,498.1,actual,Johor,Selangor
Johor,Terengganu,2012,126.6,actual,Johor,Terengganu
Johor,Sabah,2012,66.0,actual,Johor,Sabah
Johor,Sarawak,2012,31.8,actual,Johor,Sarawak
Johor,W.P. Kuala Lumpur,2012,434.2,actual,Johor,Kuala Lumpur
Johor,W.P. Labuan,2012,0.0,actual,Johor,Labuan
Johor,W.P. Putrajaya,2012,47.5,actual,Johor,Putrajaya
Kedah,Johor,2012,85.9,actual,Kedah,Johor
Kedah,Kedah,2012,1337.9,actual,Kedah,Kedah
Kedah,Kelantan,2012,141.6,actual,Kedah,Kelantan
Kedah,Melaka,2012,119.0,actual,Kedah,Malacca
Kedah,Negeri Sembilan,2012,61.9,actual,Kedah,Negeri Sembilan
Kedah,Pahang,2012,126.3,actual,Kedah,Pahang
Kedah,Pulau Pinang,2012,313.9,actual,Kedah,Penang
Kedah,Perak,2012,398.2,actual,Kedah,Perak
Kedah,Perlis,2012,50.4,actual,Kedah,Perlis
Kedah,Selangor,2012,256.1,actual,Kedah,Selangor
Kedah,Terengganu,2012,75.3,actual,Kedah,Terengganu
Kedah,Sabah,2012,8.4,actual,Kedah,Sabah
Kedah,Sarawak,2012,6.4,actual,Kedah,Sarawak
Kedah,W.P. Kuala Lumpur,2012,168.4,actual,Kedah,Kuala Lumpur
Kedah,W.P. Labuan,2012,0.0,actual,Kedah,Labuan
Kedah,W.P. Putrajaya,2012,29.1,actual,Kedah,Putrajaya
Kelantan,Johor,2012,39.3,actual,Kelantan,Johor
Kelantan,Kedah,2012,88.6,actual,Kelantan,Kedah
Kelantan,Kelantan,2012,885.9,actual,Kelantan,Kelantan
Kelantan,Melaka,2012,28.0,actual,Kelantan,Malacca
Kelantan,Negeri Sembilan,2012,6.8,actual,Kelantan,Negeri Sembilan
Kelantan,Pahang,2012,102.8,actual,Kelantan,Pahang
Kelantan,Pulau Pinang,2012,52.4,actual,Kelantan,Penang
Kelantan,Perak,2012,81.8,actual,Kelantan,Perak
Kelantan,Perlis,2012,14.9,actual,Kelantan,Perlis
Kelantan,Selangor,2012,145.8,actual,Kelantan,Selangor
Kelantan,Terengganu,2012,185.6,actual,Kelantan,Terengganu
Kelantan,Sabah,2012,3.1,actual,Kelantan,Sabah
Kelantan,Sarawak,2012,7.6,actual,Kelantan,Sarawak
Kelantan,W.P. Kuala Lumpur,2012,162.7,actual,Kelantan,Kuala Lumpur
Kelantan,W.P. Labuan,2012,0.0,actual,Kelantan,Labuan
Kelantan,W.P. Putrajaya,2012,20.1,actual,Kelantan,Putrajaya
Melaka,Johor,2012,405.7,actual,Malacca,Johor
Melaka,Kedah,2012,34.0,actual,Malacca,Kedah
Melaka,Kelantan,2012,49.7,actual,Malacca,Kelantan
Melaka,Melaka,2012,245.3,actual,Malacca,Malacca
Melaka,Negeri Sembilan,2012,290.8,actual,Malacca,Negeri Sembilan
Melaka,Pahang,2012,124.4,actual,Malacca,Pahang
Melaka,Pulau Pinang,2012,43.3,actual,Malacca,Penang
Melaka,Perak,2012,82.2,actual,Malacca,Perak
Melaka,Perlis,2012,1.8,actual,Malacca,Perlis
Melaka,Selangor,2012,231.2,actual,Malacca,Selangor
Melaka,Terengganu,2012,44.2,actual,Malacca,Terengganu
Melaka,Sabah,2012,2.1,actual,Malacca,Sabah
Melaka,Sarawak,2012,5.1,actual,Malacca,Sarawak
Melaka,W.P. Kuala Lumpur,2012,299.7,actual,Malacca,Kuala Lumpur
Melaka,W.P. Labuan,2012,0.0,actual,Malacca,Labuan
Melaka,W.P. Putrajaya,2012,9.6,actual,Malacca,Putrajaya
Negeri Sembilan,Johor,2012,281.5,actual,Negeri Sembilan,Johor
Negeri Sembilan,Kedah,2012,97.5,actual,Negeri Sembilan,Kedah
Negeri Sembilan,Kelantan,2012,86.9,actual,Negeri Sembilan,Kelantan
Negeri Sembilan,Melaka,2012,265.8,actual,Negeri Sembilan,Malacca
Negeri Sembilan,Negeri Sembilan,2012,939.6,actual,Negeri Sembilan,Negeri Sembilan
Negeri Sembilan,Pahang,2012,189.0,actual,Negeri Sembilan,Pahang
Negeri Sembilan,Pulau Pinang,2012,66.3,actual,Negeri Sembilan,Penang
Negeri Sembilan,Perak,2012,170.5,actual,Negeri Sembilan,Perak
Negeri Sembilan,Perlis,2012,14.9,actual,Negeri Sembilan,Perlis
Negeri Sembilan,Selangor,2012,321.7,actual,Negeri Sembilan,Selangor
Negeri Sembilan,Terengganu,2012,68.3,actual,Negeri Sembilan,Terengganu
Negeri Sembilan,Sabah,2012,10.0,actual,Negeri Sembilan,Sabah
Negeri Sembilan,Sarawak,2012,7.4,actual,Negeri Sembilan,Sarawak
Negeri Sembilan,W.P. Kuala Lumpur,2012,106.1,actual,Negeri Sembilan,Kuala Lumpur
Negeri Sembilan,W.P. Labuan,2012,0.0,actual,Negeri Sembilan,Labuan
Negeri Sembilan,W.P. Putrajaya,2012,19.6,actual,Negeri Sembilan,Putrajaya
Pahang,Johor,2012,262.0,actual,Pahang,Johor
Pahang,Kedah,2012,86.0,actual,Pahang,Kedah
Pahang,Kelantan,2012,296.1,actual,Pahang,Kelantan
Pahang,Melaka,2012,113.9,actual,Pahang,Malacca
Pahang,Negeri Sembilan,2012,148.6,actual,Pahang,Negeri Sembilan
Pahang,Pahang,2012,1083.0,actual,Pahang,Pahang
Pahang,Pulau Pinang,2012,33.8,actual,Pahang,Penang
Pahang,Perak,2012,121.0,actual,Pahang,Perak
Pahang,Perlis,2012,1.1,actual,Pahang,Perlis
Pahang,Selangor,2012,319.5,actual,Pahang,Selangor
Pahang,Terengganu,2012,400.9,actual,Pahang,Terengganu
Pahang,Sabah,2012,26.5,actual,Pahang,Sabah
Pahang,Sarawak,2012,16.1,actual,Pahang,Sarawak
Pahang,W.P. Kuala Lumpur,2012,197.4,actual,Pahang,Kuala Lumpur
Pahang,W.P. Labuan,2012,13.2,actual,Pahang,Labuan
Pahang,W.P. Putrajaya,2012,43.5,actual,Pahang,Putrajaya
Pulau Pinang,Johor,2012,85.7,actual,Penang,Johor
Pulau Pinang,Kedah,2012,573.2,actual,Penang,Kedah
Pulau Pinang,Kelantan,2012,160.4,actual,Penang,Kelantan
Pulau Pinang,Melaka,2012,43.0,actual,Penang,Malacca
Pulau Pinang,Negeri Sembilan,2012,46.1,actual,Penang,Negeri Sembilan
Pulau Pinang,Pahang,2012,85.6,actual,Penang,Pahang
Pulau Pinang,Pulau Pinang,2012,316.4,actual,Penang,Penang
Pulau Pinang,Perak,2012,417.1,actual,Penang,Perak
Pulau Pinang,Perlis,2012,73.2,actual,Penang,Perlis
Pulau Pinang,Selangor,2012,141.1,actual,Penang,Selangor
Pulau Pinang,Terengganu,2012,30.9,actual,Penang,Terengganu
Pulau Pinang,Sabah,2012,13.8,actual,Penang,Sabah
Pulau Pinang,Sarawak,2012,3.8,actual,Penang,Sarawak
Pulau Pinang,W.P. Kuala Lumpur,2012,155.5,actual,Penang,Kuala Lumpur
Pulau Pinang,W.P. Labuan,2012,0.0,actual,Penang,Labuan
Pulau Pinang,W.P. Putrajaya,2012,13.3,actual,Penang,Putrajaya
Perak,Johor,2012,164.4,actual,Perak,Johor
Perak,Kedah,2012,175.3,actual,Perak,Kedah
Perak,Kelantan,2012,74.9,actual,Perak,Kelantan
Perak,Melaka,2012,56.8,actual,Perak,Malacca
Perak,Negeri Sembilan,2012,66.5,actual,Perak,Negeri Sembilan
Perak,Pahang,2012,108.0,actual,Perak,Pahang
Perak,Pulau Pinang,2012,355.9,actual,Perak,Penang
Perak,Perak,2012,1133.3,actual,Perak,Perak
Perak,Perlis,2012,43.6,actual,Perak,Perlis
Perak,Selangor,2012,532.5,actual,Perak,Selangor
Perak,Terengganu,2012,47.6,actual,Perak,Terengganu
Perak,Sabah,2012,13.1,actual,Perak,Sabah
Perak,Sarawak,2012,10.1,actual,Perak,Sarawak
Perak,W.P. Kuala Lumpur,2012,394.0,actual,Perak,Kuala Lumpur
Perak,W.P. Labuan,2012,0.0,actual,Perak,Labuan
Perak,W.P. Putrajaya,2012,87.2,actual,Perak,Putrajaya
Perlis,Johor,2012,5.7,actual,Perlis,Johor
Perlis,Kedah,2012,107.0,actual,Perlis,Kedah
Perlis,Kelantan,2012,8.1,actual,Perlis,Kelantan
Perlis,Melaka,2012,4.8,actual,Perlis,Malacca
Perlis,Negeri Sembilan,2012,6.7,actual,Perlis,Negeri Sembilan
Perlis,Pahang,2012,20.9,actual,Perlis,Pahang
Perlis,Pulau Pinang,2012,32.7,actual,Perlis,Penang
Perlis,Perak,2012,28.5,actual,Perlis,Perak
Perlis,Perlis,2012,7.8,actual,Perlis,Perlis
Perlis,Selangor,2012,26.2,actual,Perlis,Selangor
Perlis,Terengganu,2012,7.8,actual,Perlis,Terengganu
Perlis,Sabah,2012,0.3,actual,Perlis,Sabah
Perlis,Sarawak,2012,1.0,actual,Perlis,Sarawak
Perlis,W.P. Kuala Lumpur,2012,19.7,actual,Perlis,Kuala Lumpur
Perlis,W.P. Labuan,2012,0.0,actual,Perlis,Labuan
Perlis,W.P. Putrajaya,2012,6.2,actual,Perlis,Putrajaya
Selangor,Johor,2012,1056.0,actual,Selangor,Johor
Selangor,Kedah,2012,866.7,actual,Selangor,Kedah
Selangor,Kelantan,2012,794.4,actual,Selangor,Kelantan
Selangor,Melaka,2012,1070.9,actual,Selangor,Malacca
Selangor,Negeri Sembilan,2012,1036.1,actual,Selangor,Negeri Sembilan
Selangor,Pahang,2012,1052.4,actual,Selangor,Pahang
Selangor,Pulau Pinang,2012,585.7,actual,Selangor,Penang
Selangor,Perak,2012,1739.1,actual,Selangor,Perak
Selangor,Perlis,2012,135.9,actual,Selangor,Perlis
Selangor,Selangor,2012,1354.0,actual,Selangor,Selangor
Selangor,Terengganu,2012,377.3,actual,Selangor,Terengganu
Selangor,Sabah,2012,64.9,actual,Selangor,Sabah
Selangor,Sarawak,2012,39.2,actual,Selangor,Sarawak
Selangor,W.P. Kuala Lumpur,2012,110.0,actual,Selangor,Kuala Lumpur
Selangor,W.P. Labuan,2012,16.9,actual,Selangor,Labuan
Selangor,W.P. Putrajaya,2012,13.0,actual,Selangor,Putrajaya
Terengganu,Johor,2012,63.3,actual,Terengganu,Johor
Terengganu,Kedah,2012,45.3,actual,Terengganu,Kedah
Terengganu,Kelantan,2012,391.7,actual,Terengganu,Kelantan
Terengganu,Melaka,2012,53.6,actual,Terengganu,Malacca
Terengganu,Negeri Sembilan,2012,12.1,actual,Terengganu,Negeri Sembilan
Terengganu,Pahang,2012,286.0,actual,Terengganu,Pahang
Terengganu,Pulau Pinang,2012,31.9,actual,Terengganu,Penang
Terengganu,Perak,2012,31.6,actual,Terengganu,Perak
Terengganu,Perlis,2012,11.8,actual,Terengganu,Perlis
Terengganu,Selangor,2012,120.1,actual,Terengganu,Selangor
Terengganu,Terengganu,2012,1149.4,actual,Terengganu,Terengganu
Terengganu,Sabah,2012,3.0,actual,Terengganu,Sabah
Terengganu,Sarawak,2012,6.5,actual,Terengganu,Sarawak
Terengganu,W.P. Kuala Lumpur,2012,245.1,actual,Terengganu,Kuala Lumpur
Terengganu,W.P. Labuan,2012,0.0,actual,Terengganu,Labuan
Terengganu,W.P. Putrajaya,2012,31.2,actual,Terengganu,Putrajaya
Sabah,Johor,2012,23.4,actual,Sabah,Johor
Sabah,Kedah,2012,32.2,actual,Sabah,Kedah
Sabah,Kelantan,2012,4.0,actual,Sabah,Kelantan
Sabah,Melaka,2012,7.5,actual,Sabah,Malacca
Sabah,Negeri Sembilan,2012,15.0,actual,Sabah,Negeri Sembilan
Sabah,Pahang,2012,6.1,actual,Sabah,Pahang
Sabah,Pulau Pinang,2012,4.0,actual,Sabah,Penang
Sabah,Perak,2012,6.3,actual,Sabah,Perak
Sabah,Perlis,2012,0.0,actual,Sabah,Perlis
Sabah,Selangor,2012,7.9,actual,Sabah,Selangor
Sabah,Terengganu,2012,0.0,actual,Sabah,Terengganu
Sabah,Sabah,2012,3664.9,actual,Sabah,Sabah
Sabah,Sarawak,2012,39.7,actual,Sabah,Sarawak
Sabah,W.P. Kuala Lumpur,2012,42.6,actual,Sabah,Kuala Lumpur
Sabah,W.P. Labuan,2012,49.2,actual,Sabah,Labuan
Sabah,W.P. Putrajaya,2012,1.2,actual,Sabah,Putrajaya
Sarawak,Johor,2012,8.7,actual,Sarawak,Johor
Sarawak,Kedah,2012,0.0,actual,Sarawak,Kedah
Sarawak,Kelantan,2012,0.0,actual,Sarawak,Kelantan
Sarawak,Melaka,2012,10.6,actual,Sarawak,Malacca
Sarawak,Negeri Sembilan,2012,0.0,actual,Sarawak,Negeri Sembilan
Sarawak,Pahang,2012,3.6,actual,Sarawak,Pahang
Sarawak,Pulau Pinang,2012,14.1,actual,Sarawak,Penang
Sarawak,Perak,2012,2.8,actual,Sarawak,Perak
Sarawak,Perlis,2012,0.0,actual,Sarawak,Perlis
Sarawak,Selangor,2012,35.6,actual,Sarawak,Selangor
Sarawak,Terengganu,2012,0.0,actual,Sarawak,Terengganu
Sarawak,Sabah,2012,115.3,actual,Sarawak,Sabah
Sarawak,Sarawak,2012,3129.9,actual,Sarawak,Sarawak
Sarawak,W.P. Kuala Lumpur,2012,189.2,actual,Sarawak,Kuala Lumpur
Sarawak,W.P. Labuan,2012,2.0,actual,Sarawak,Labuan
Sarawak,W.P. Putrajaya,2012,0.0,actual,Sarawak,Putrajaya
W.P. Kuala Lumpur,Johor,2012,585.8,actual,Kuala Lumpur,Johor
W.P. Kuala Lumpur,Kedah,2012,313.8,actual,Kuala Lumpur,Kedah
W.P. Kuala Lumpur,Kelantan,2012,230.1,actual,Kuala Lumpur,Kelantan
W.P. Kuala Lumpur,Melaka,2012,485.1,actual,Kuala Lumpur,Malacca
W.P. Kuala Lumpur,Negeri Sembilan,2012,533.2,actual,Kuala Lumpur,Negeri Sembilan
W.P. Kuala Lumpur,Pahang,2012,786.9,actual,Kuala Lumpur,Pahang
W.P. Kuala Lumpur,Pulau Pinang,2012,355.5,actual,Kuala Lumpur,Penang
W.P. Kuala Lumpur,Perak,2012,1111.1,actual,Kuala Lumpur,Perak
W.P. Kuala Lumpur,Perlis,2012,54.1,actual,Kuala Lumpur,Perlis
W.P. Kuala Lumpur,Selangor,2012,559.8,actual,Kuala Lumpur,Selangor
W.P. Kuala Lumpur,Terengganu,2012,194.6,actual,Kuala Lumpur,Terengganu
W.P. Kuala Lumpur,Sabah,2012,74.4,actual,Kuala Lumpur,Sabah
W.P. Kuala Lumpur,Sarawak,2012,55.7,actual,Kuala Lumpur,Sarawak
W.P. Kuala Lumpur,W.P. Kuala Lumpur,2012,106.6,actual,Kuala Lumpur,Kuala Lumpur
W.P. Kuala Lumpur,W.P. Labuan,2012,0.0,actual,Kuala Lumpur,Labuan
W.P. Kuala Lumpur,W.P. Putrajaya,2012,10.3,actual,Kuala Lumpur,Putrajaya
W.P. Labuan,Johor,2012,5.5,actual,Labuan,Johor
W.P. Labuan,Kedah,2012,0.4,actual,Labuan,Kedah
W.P. Labuan,Kelantan,2012,0.0,actual,Labuan,Kelantan
W.P. Labuan,Melaka,2012,0.0,actual,Labuan,Malacca
W.P. Labuan,Negeri Sembilan,2012,0.0,actual,Labuan,Negeri Sembilan
W.P. Labuan,Pahang,2012,0.3,actual,Labuan,Pahang
W.P. Labuan,Pulau Pinang,2012,0.2,actual,Labuan,Penang
W.P. Labuan,Perak,2012,3.4,actual,Labuan,Perak
W.P. Labuan,Perlis,2012,0.0,actual,Labuan,Perlis
W.P. Labuan,Selangor,2012,0.5,actual,Labuan,Selangor
W.P. Labuan,Terengganu,2012,0.1,actual,Labuan,Terengganu
W.P. Labuan,Sabah,2012,158.8,actual,Labuan,Sabah
W.P. Labuan,Sarawak,2012,21.3,actual,Labuan,Sarawak
W.P. Labuan,W.P. Kuala Lumpur,2012,7.2,actual,Labuan,Kuala Lumpur
W.P. Labuan,W.P. Labuan,2012,2.2,actual,Labuan,Labuan
W.P. Labuan,W.P. Putrajaya,2012,0.0,actual,Labuan,Putrajaya
W.P. Putrajaya,Johor,2012,30.5,actual,Putrajaya,Johor
W.P. Putrajaya,Kedah,2012,34.2,actual,Putrajaya,Kedah
W.P. Putrajaya,Kelantan,2012,39.8,actual,Putrajaya,Kelantan
W.P. Putrajaya,Melaka,2012,25.8,actual,Putrajaya,Malacca
W.P. Putrajaya,Negeri Sembilan,2012,21.4,actual,Putrajaya,Negeri Sembilan
W.P. Putrajaya,Pahang,2012,31.8,actual,Putrajaya,Pahang
W.P. Putrajaya,Pulau Pinang,2012,9.0,actual,Putrajaya,Penang
W.P. Putrajaya,Perak,2012,55.9,actual,Putrajaya,Perak
W.P. Putrajaya,Perlis,2012,11.2,actual,Putrajaya,Perlis
W.P. Putrajaya,Selangor,2012,6.1,actual,Putrajaya,Selangor
W.P. Putrajaya,Terengganu,2012,16.3,actual,Putrajaya,Terengganu
W.P. Putrajaya,Sabah,2012,0.0,actual,Putrajaya,Sabah
W.P. Putrajaya,Sarawak,2012,0.0,actual,Putrajaya,Sarawak
W.P. Putrajaya,W.P. Kuala Lumpur,2012,0.0,actual,Putrajaya,Kuala Lumpur
W.P. Putrajaya,W.P. Labuan,2012,0.0,actual,Putrajaya,Labuan
W.P. Putrajaya,W.P. Putrajaya,2012,0.0,actual,Putrajaya,Putrajaya
Johor,Johor,2013,2817.7,actual,Johor,Johor
Johor,Kedah,2013,116.0,actual,Johor,Kedah
Johor,Kelantan,2013,211.9,actual,Johor,Kelantan
Johor,Melaka,2013,452.4,actual,Johor,Malacca
Johor,Negeri Sembilan,2013,244.9,actual,Johor,Negeri Sembilan
Johor,Pahang,2013,234.0,actual,Johor,Pahang
Johor,Pulau Pinang,2013,57.1,actual,Johor,Penang
Johor,Perak,2013,198.7,actual,Johor,Perak
Johor,Perlis,2013,11.2,actual,Johor,Perlis
Johor,Selangor,2013,281.6,actual,Johor,Selangor
Johor,Terengganu,2013,171.2,actual,Johor,Terengganu
Johor,Sabah,2013,5.8,actual,Johor,Sabah
Johor,Sarawak,2013,24.7,actual,Johor,Sarawak
Johor,W.P. Kuala Lumpur,2013,406.9,actual,Johor,Kuala Lumpur
Johor,W.P. Labuan,2013,0.0,actual,Johor,Labuan
Johor,W.P. Putrajaya,2013,29.8,actual,Johor,Putrajaya
Kedah,Johor,2013,63.0,actual,Kedah,Johor
Kedah,Kedah,2013,1699.2,actual,Kedah,Kedah
Kedah,Kelantan,2013,101.3,actual,Kedah,Kelantan
Kedah,Melaka,2013,55.0,actual,Kedah,Malacca
Kedah,Negeri Sembilan,2013,69.8,actual,Kedah,Negeri Sembilan
Kedah,Pahang,2013,91.5,actual,Kedah,Pahang
Kedah,Pulau Pinang,2013,343.7,actual,Kedah,Penang
Kedah,Perak,2013,312.9,actual,Kedah,Perak
Kedah,Perlis,2013,81.5,actual,Kedah,Perlis
Kedah,Selangor,2013,197.4,actual,Kedah,Selangor
Kedah,Terengganu,2013,63.0,actual,Kedah,Terengganu
Kedah,Sabah,2013,7.9,actual,Kedah,Sabah
Kedah,Sarawak,2013,2.3,actual,Kedah,Sarawak
Kedah,W.P. Kuala Lumpur,2013,123.0,actual,Kedah,Kuala Lumpur
Kedah,W.P. Labuan,2013,0.0,actual,Kedah,Labuan
Kedah,W.P. Putrajaya,2013,19.7,actual,Kedah,Putrajaya
Kelantan,Johor,2013,30.9,actual,Kelantan,Johor
Kelantan,Kedah,2013,86.8,actual,Kelantan,Kedah
Kelantan,Kelantan,2013,1412.0,actual,Kelantan,Kelantan
Kelantan,Melaka,2013,42.6,actual,Kelantan,Malacca
Kelantan,Negeri Sembilan,2013,65.3,actual,Kelantan,Negeri Sembilan
Kelantan,Pahang,2013,185.8,actual,Kelantan,Pahang
Kelantan,Pulau Pinang,2013,45.9,actual,Kelantan,Penang
Kelantan,Perak,2013,76.9,actual,Kelantan,Perak
Kelantan,Perlis,2013,2.1,actual,Kelantan,Perlis
Kelantan,Selangor,2013,322.1,actual,Kelantan,Selangor
Kelantan,Terengganu,2013,205.5,actual,Kelantan,Terengganu
Kelantan,Sabah,2013,6.4,actual,Kelantan,Sabah
Kelantan,Sarawak,2013,5.1,actual,Kelantan,Sarawak
Kelantan,W.P. Kuala Lumpur,2013,177.6,actual,Kelantan,Kuala Lumpur
Kelantan,W.P. Labuan,2013,0.0,actual,Kelantan,Labuan
Kelantan,W.P. Putrajaya,2013,38.5,actual,Kelantan,Putrajaya
Melaka,Johor,2013,450.6,actual,Malacca,Johor
Melaka,Kedah,2013,77.4,actual,Malacca,Kedah
Melaka,Kelantan,2013,33.8,actual,Malacca,Kelantan
Melaka,Melaka,2013,399.5,actual,Malacca,Malacca
Melaka,Negeri Sembilan,2013,317.7,actual,Malacca,Negeri Sembilan
Melaka,Pahang,2013,226.0,actual,Malacca,Pahang
Melaka,Pulau Pinang,2013,47.1,actual,Malacca,Penang
Melaka,Perak,2013,129.5,actual,Malacca,Perak
Melaka,Perlis,2013,0.8,actual,Malacca,Perlis
Melaka,Selangor,2013,265.7,actual,Malacca,Selangor
Melaka,Terengganu,2013,39.6,actual,Malacca,Terengganu
Melaka,Sabah,2013,2.6,actual,Malacca,Sabah
Melaka,Sarawak,2013,2.4,actual,Malacca,Sarawak
Melaka,W.P. Kuala Lumpur,2013,196.6,actual,Malacca,Kuala Lumpur
Melaka,W.P. Labuan,2013,1.7,actual,Malacca,Labuan
Melaka,W.P. Putrajaya,2013,10.8,actual,Malacca,Putrajaya
Negeri Sembilan,Johor,2013,339.8,actual,Negeri Sembilan,Johor
Negeri Sembilan,Kedah,2013,47.2,actual,Negeri Sembilan,Kedah
Negeri Sembilan,Kelantan,2013,42.1,actual,Negeri Sembilan,Kelantan
Negeri Sembilan,Melaka,2013,448.3,actual,Negeri Sembilan,Malacca
Negeri Sembilan,Negeri Sembilan,2013,1193.4,actual,Negeri Sembilan,Negeri Sembilan
Negeri Sembilan,Pahang,2013,153.9,actual,Negeri Sembilan,Pahang
Negeri Sembilan,Pulau Pinang,2013,39.9,actual,Negeri Sembilan,Penang
Negeri Sembilan,Perak,2013,102.5,actual,Negeri Sembilan,Perak
Negeri Sembilan,Perlis,2013,17.2,actual,Negeri Sembilan,Perlis
Negeri Sembilan,Selangor,2013,339.0,actual,Negeri Sembilan,Selangor
Negeri Sembilan,Terengganu,2013,58.8,actual,Negeri Sembilan,Terengganu
Negeri Sembilan,Sabah,2013,2.4,actual,Negeri Sembilan,Sabah
Negeri Sembilan,Sarawak,2013,6.4,actual,Negeri Sembilan,Sarawak
Negeri Sembilan,W.P. Kuala Lumpur,2013,193.0,actual,Negeri Sembilan,Kuala Lumpur
Negeri Sembilan,W.P. Labuan,2013,0.0,actual,Negeri Sembilan,Labuan
Negeri Sembilan,W.P. Putrajaya,2013,21.8,actual,Negeri Sembilan,Putrajaya
Pahang,Johor,2013,351.9,actual,Pahang,Johor
Pahang,Kedah,2013,105.3,actual,Pahang,Kedah
Pahang,Kelantan,2013,362.8,actual,Pahang,Kelantan
Pahang,Melaka,2013,90.6,actual,Pahang,Malacca
Pahang,Negeri Sembilan,2013,124.6,actual,Pahang,Negeri Sembilan
Pahang,Pahang,2013,1381.5,actual,Pahang,Pahang
Pahang,Pulau Pinang,2013,56.7,actual,Pahang,Penang
Pahang,Perak,2013,177.6,actual,Pahang,Perak
Pahang,Perlis,2013,20.3,actual,Pahang,Perlis
Pahang,Selangor,2013,533.9,actual,Pahang,Selangor
Pahang,Terengganu,2013,441.9,actual,Pahang,Terengganu
Pahang,Sabah,2013,0.0,actual,Pahang,Sabah
Pahang,Sarawak,2013,5.4,actual,Pahang,Sarawak
Pahang,W.P. Kuala Lumpur,2013,306.5,actual,Pahang,Kuala Lumpur
Pahang,W.P. Labuan,2013,1.5,actual,Pahang,Labuan
Pahang,W.P. Putrajaya,2013,50.0,actual,Pahang,Putrajaya
Pulau Pinang,Johor,2013,101.2,actual,Penang,Johor
Pulau Pinang,Kedah,2013,467.7,actual,Penang,Kedah
Pulau Pinang,Kelantan,2013,60.0,actual,Penang,Kelantan
Pulau Pinang,Melaka,2013,83.1,actual,Penang,Malacca
Pulau Pinang,Negeri Sembilan,2013,62.2,actual,Penang,Negeri Sembilan
Pulau Pinang,Pahang,2013,53.2,actual,Penang,Pahang
Pulau Pinang,Pulau Pinang,2013,350.2,actual,Penang,Penang
Pulau Pinang,Perak,2013,598.9,actual,Penang,Perak
Pulau Pinang,Perlis,2013,105.0,actual,Penang,Perlis
Pulau Pinang,Selangor,2013,207.2,actual,Penang,Selangor
Pulau Pinang,Terengganu,2013,37.8,actual,Penang,Terengganu
Pulau Pinang,Sabah,2013,22.3,actual,Penang,Sabah
Pulau Pinang,Sarawak,2013,32.5,actual,Penang,Sarawak
Pulau Pinang,W.P. Kuala Lumpur,2013,160.1,actual,Penang,Kuala Lumpur
Pulau Pinang,W.P. Labuan,2013,24.5,actual,Penang,Labuan
Pulau Pinang,W.P. Putrajaya,2013,24.6,actual,Penang,Putrajaya
Perak,Johor,2013,185.9,actual,Perak,Johor
Perak,Kedah,2013,471.9,actual,Perak,Kedah
Perak,Kelantan,2013,168.7,actual,Perak,Kelantan
Perak,Melaka,2013,154.2,actual,Perak,Malacca
Perak,Negeri Sembilan,2013,153.5,actual,Perak,Negeri Sembilan
Perak,Pahang,2013,215.4,actual,Perak,Pahang
Perak,Pulau Pinang,2013,285.5,actual,Perak,Penang
Perak,Perak,2013,1150.1,actual,Perak,Perak
Perak,Perlis,2013,53.1,actual,Perak,Perlis
Perak,Selangor,2013,571.0,actual,Perak,Selangor
Perak,Terengganu,2013,54.1,actual,Perak,Terengganu
Perak,Sabah,2013,0.0,actual,Perak,Sabah
Perak,Sarawak,2013,0.0,actual,Perak,Sarawak
Perak,W.P. Kuala Lumpur,2013,343.1,actual,Perak,Kuala Lumpur
Perak,W.P. Labuan,2013,0.0,actual,Perak,Labuan
Perak,W.P. Putrajaya,2013,32.8,actual,Perak,Putrajaya
Perlis,Johor,2013,4.8,actual,Perlis,Johor
Perlis,Kedah,2013,104.8,actual,Perlis,Kedah
Perlis,Kelantan,2013,14.2,actual,Perlis,Kelantan
Perlis,Melaka,2013,8.8,actual,Perlis,Malacca
Perlis,Negeri Sembilan,2013,5.5,actual,Perlis,Negeri Sembilan
Perlis,Pahang,2013,10.2,actual,Perlis,Pahang
Perlis,Pulau Pinang,2013,43.8,actual,Perlis,Penang
Perlis,Perak,2013,28.0,actual,Perlis,Perak
Perlis,Perlis,2013,8.7,actual,Perlis,Perlis
Perlis,Selangor,2013,25.4,actual,Perlis,Selangor
Perlis,Terengganu,2013,15.9,actual,Perlis,Terengganu
Perlis,Sabah,2013,2.1,actual,Perlis,Sabah
Perlis,Sarawak,2013,0.4,actual,Perlis,Sarawak
Perlis,W.P. Kuala Lumpur,2013,23.9,actual,Perlis,Kuala Lumpur
Perlis,W.P. Labuan,2013,0.0,actual,Perlis,Labuan
Perlis,W.P. Putrajaya,2013,6.3,actual,Perlis,Putrajaya
Selangor,Johor,2013,1026.5,actual,Selangor,Johor
Selangor,Kedah,2013,707.5,actual,Selangor,Kedah
Selangor,Kelantan,2013,654.1,actual,Selangor,Kelantan
Selangor,Melaka,2013,820.8,actual,Selangor,Malacca
Selangor,Negeri Sembilan,2013,698.6,actual,Selangor,Negeri Sembilan
Selangor,Pahang,2013,1288.5,actual,Selangor,Pahang
Selangor,Pulau Pinang,2013,321.3,actual,Selangor,Penang
Selangor,Perak,2013,1980.2,actual,Selangor,Perak
Selangor,Perlis,2013,127.9,actual,Selangor,Perlis
Selangor,Selangor,2013,1926.6,actual,Selangor,Selangor
Selangor,Terengganu,2013,407.9,actual,Selangor,Terengganu
Selangor,Sabah,2013,161.5,actual,Selangor,Sabah
Selangor,Sarawak,2013,74.1,actual,Selangor,Sarawak
Selangor,W.P. Kuala Lumpur,2013,228.3,actual,Selangor,Kuala Lumpur
Selangor,W.P. Labuan,2013,0.0,actual,Selangor,Labuan
Selangor,W.P. Putrajaya,2013,15.7,actual,Selangor,Putrajaya
Terengganu,Johor,2013,75.7,actual,Terengganu,Johor
Terengganu,Kedah,2013,62.5,actual,Terengganu,Kedah
Terengganu,Kelantan,2013,451.5,actual,Terengganu,Kelantan
Terengganu,Melaka,2013,48.2,actual,Terengganu,Malacca
Terengganu,Negeri Sembilan,2013,39.3,actual,Terengganu,Negeri Sembilan
Terengganu,Pahang,2013,324.9,actual,Terengganu,Pahang
Terengganu,Pulau Pinang,2013,12.8,actual,Terengganu,Penang
Terengganu,Perak,2013,55.5,actual,Terengganu,Perak
Terengganu,Perlis,2013,19.9,actual,Terengganu,Perlis
Terengganu,Selangor,2013,117.0,actual,Terengganu,Selangor
Terengganu,Terengganu,2013,1502.6,actual,Terengganu,Terengganu
Terengganu,Sabah,2013,2.2,actual,Terengganu,Sabah
Terengganu,Sarawak,2013,2.7,actual,Terengganu,Sarawak
Terengganu,W.P. Kuala Lumpur,2013,190.3,actual,Terengganu,Kuala Lumpur
Terengganu,W.P. Labuan,2013,1.1,actual,Terengganu,Labuan
Terengganu,W.P. Putrajaya,2013,8.6,actual,Terengganu,Putrajaya
Sabah,Johor,2013,25.7,actual,Sabah,Johor
Sabah,Kedah,2013,5.2,actual,Sabah,Kedah
Sabah,Kelantan,2013,4.2,actual,Sabah,Kelantan
Sabah,Melaka,2013,0.0,actual,Sabah,Malacca
Sabah,Negeri Sembilan,2013,0.0,actual,Sabah,Negeri Sembilan
Sabah,Pahang,2013,0.0,actual,Sabah,Pahang
Sabah,Pulau Pinang,2013,1.0,actual,Sabah,Penang
Sabah,Perak,2013,0.0,actual,Sabah,Perak
Sabah,Perlis,2013,0.0,actual,Sabah,Perlis
Sabah,Selangor,2013,44.0,actual,Sabah,Selangor
Sabah,Terengganu,2013,0.0,actual,Sabah,Terengganu
Sabah,Sabah,2013,3454.4,actual,Sabah,Sabah
Sabah,Sarawak,2013,50.6,actual,Sabah,Sarawak
Sabah,W.P. Kuala Lumpur,2013,47.1,actual,Sabah,Kuala Lumpur
Sabah,W.P. Labuan,2013,58.0,actual,Sabah,Labuan
Sabah,W.P. Putrajaya,2013,3.2,actual,Sabah,Putrajaya
Sarawak,Johor,2013,14.0,actual,Sarawak,Johor
Sarawak,Kedah,2013,16.6,actual,Sarawak,Kedah
Sarawak,Kelantan,2013,7.6,actual,Sarawak,Kelantan
Sarawak,Melaka,2013,22.1,actual,Sarawak,Malacca
Sarawak,Negeri Sembilan,2013,5.0,actual,Sarawak,Negeri Sembilan
Sarawak,Pahang,2013,2.8,actual,Sarawak,Pahang
Sarawak,Pulau Pinang,2013,1.7,actual,Sarawak,Penang
Sarawak,Perak,2013,16.0,actual,Sarawak,Perak
Sarawak,Perlis,2013,0.0,actual,Sarawak,Perlis
Sarawak,Selangor,2013,57.6,actual,Sarawak,Selangor
Sarawak,Terengganu,2013,20.8,actual,Sarawak,Terengganu
Sarawak,Sabah,2013,133.8,actual,Sarawak,Sabah
Sarawak,Sarawak,2013,3833.5,actual,Sarawak,Sarawak
Sarawak,W.P. Kuala Lumpur,2013,146.8,actual,Sarawak,Kuala Lumpur
Sarawak,W.P. Labuan,2013,5.4,actual,Sarawak,Labuan
Sarawak,W.P. Putrajaya,2013,1.8,actual,Sarawak,Putrajaya
W.P. Kuala Lumpur,Johor,2013,422.8,actual,Kuala Lumpur,Johor
W.P. Kuala Lumpur,Kedah,2013,388.7,actual,Kuala Lumpur,Kedah
W.P. Kuala Lumpur,Kelantan,2013,227.3,actual,Kuala Lumpur,Kelantan
W.P. Kuala Lumpur,Melaka,2013,690.3,actual,Kuala Lumpur,Malacca
W.P. Kuala Lumpur,Negeri Sembilan,2013,551.4,actual,Kuala Lumpur,Negeri Sembilan
W.P. Kuala Lumpur,Pahang,2013,536.2,actual,Kuala Lumpur,Pahang
W.P. Kuala Lumpur,Pulau Pinang,2013,413.1,actual,Kuala Lumpur,Penang
W.P. Kuala Lumpur,Perak,2013,1150.9,actual,Kuala Lumpur,Perak
W.P. Kuala Lumpur,Perlis,2013,12.3,actual,Kuala Lumpur,Perlis
W.P. Kuala Lumpur,Selangor,2013,568.1,actual,Kuala Lumpur,Selangor
W.P. Kuala Lumpur,Terengganu,2013,379.3,actual,Kuala Lumpur,Terengganu
W.P. Kuala Lumpur,Sabah,2013,35.7,actual,Kuala Lumpur,Sabah
W.P. Kuala Lumpur,Sarawak,2013,39.8,actual,Kuala Lumpur,Sarawak
W.P. Kuala Lumpur,W.P. Kuala Lumpur,2013,77.4,actual,Kuala Lumpur,Kuala Lumpur
W.P. Kuala Lumpur,W.P. Labuan,2013,0.6,actual,Kuala Lumpur,Labuan
W.P. Kuala Lumpur,W.P. Putrajaya,2013,5.0,actual,Kuala Lumpur,Putrajaya
W.P. Labuan,Johor,2013,11.0,actual,Labuan,Johor
W.P. Labuan,Kedah,2013,0.0,actual,Labuan,Kedah
W.P. Labuan,Kelantan,2013,3.4,actual,Labuan,Kelantan
W.P. Labuan,Melaka,2013,0.0,actual,Labuan,Malacca
W.P. Labuan,Negeri Sembilan,2013,0.0,actual,Labuan,Negeri Sembilan
W.P. Labuan,Pahang,2013,0.0,actual,Labuan,Pahang
W.P. Labuan,Pulau Pinang,2013,0.0,actual,Labuan,Penang
W.P. Labuan,Perak,2013,0.2,actual,Labuan,Perak
W.P. Labuan,Perlis,2013,0.0,actual,Labuan,Perlis
W.P. Labuan,Selangor,2013,0.2,actual,Labuan,Selangor
W.P. Labuan,Terengganu,2013,0.9,actual,Labuan,Terengganu
W.P. Labuan,Sabah,2013,157.8,actual,Labuan,Sabah
W.P. Labuan,Sarawak,2013,19.7,actual,Labuan,Sarawak
W.P. Labuan,W.P. Kuala Lumpur,2013,8.9,actual,Labuan,Kuala Lumpur
W.P. Labuan,W.P. Labuan,2013,2.0,actual,Labuan,Labuan
W.P. Labuan,W.P. Putrajaya,2013,0.4,actual,Labuan,Putrajaya
W.P. Putrajaya,Johor,2013,41.0,actual,Putrajaya,Johor
W.P. Putrajaya,Kedah,2013,119.8,actual,Putrajaya,Kedah
W.P. Putrajaya,Kelantan,2013,41.9,actual,Putrajaya,Kelantan
W.P. Putrajaya,Melaka,2013,29.2,actual,Putrajaya,Malacca
W.P. Putrajaya,Negeri Sembilan,2013,11.0,actual,Putrajaya,Negeri Sembilan
W.P. Putrajaya,Pahang,2013,21.4,actual,Putrajaya,Pahang
W.P. Putrajaya,Pulau Pinang,2013,5.9,actual,Putrajaya,Penang
W.P. Putrajaya,Perak,2013,33.1,actual,Putrajaya,Perak
W.P. Putrajaya,Perlis,2013,0.0,actual,Putrajaya,Perlis
W.P. Putrajaya,Selangor,2013,106.1,actual,Putrajaya,Selangor
W.P. Putrajaya,Terengganu,2013,9.2,actual,Putrajaya,Terengganu
W.P. Putrajaya,Sabah,2013,0.0,actual,Putrajaya,Sabah
W.P. Putrajaya,Sarawak,2013,0.7,actual,Putrajaya,Sarawak
W.P. Putrajaya,W.P. Kuala Lumpur,2013,1.1,actual,Putrajaya,Kuala Lumpur
W.P. Putrajaya,W.P. Labuan,2013,0.0,actual,Putrajaya,Labuan
W.P. Putrajaya,W.P. Putrajaya,2013,0.0,actual,Putrajaya,Putrajaya
Johor,Johor,2014,2579.2,actual,Johor,Johor
Johor,Kedah,2014,101.3,actual,Johor,Kedah
Johor,Kelantan,2014,162.8,actual,Johor,Kelantan
Johor,Melaka,2014,549.1,actual,Johor,Malacca
Johor,Negeri Sembilan,2014,170.1,actual,Johor,Negeri Sembilan
Johor,Pahang,2014,247.9,actual,Johor,Pahang
Johor,Pulau Pinang,2014,10.5,actual,Johor,Penang
Johor,Perak,2014,215.9,actual,Johor,Perak
Johor,Perlis,2014,45.3,actual,Johor,Perlis
Johor,Selangor,2014,262.7,actual,Johor,Selangor
Johor,Terengganu,2014,137.5,actual,Johor,Terengganu
Johor,Sabah,2014,12.6,actual,Johor,Sabah
Johor,Sarawak,2014,20.9,actual,Johor,Sarawak
Johor,W.P. Kuala Lumpur,2014,601.6,actual,Johor,Kuala Lumpur
Johor,W.P. Labuan,2014,0.0,actual,Johor,Labuan
Johor,W.P. Putrajaya,2014,10.8,actual,Johor,Putrajaya
Kedah,Johor,2014,101.3,actual,Kedah,Johor
Kedah,Kedah,2014,1520.4,actual,Kedah,Kedah
Kedah,Kelantan,2014,128.1,actual,Kedah,Kelantan
Kedah,Melaka,2014,31.1,actual,Kedah,Malacca
Kedah,Negeri Sembilan,2014,67.9,actual,Kedah,Negeri Sembilan
Kedah,Pahang,2014,159.7,actual,Kedah,Pahang
Kedah,Pulau Pinang,2014,395.8,actual,Kedah,Penang
Kedah,Perak,2014,530.4,actual,Kedah,Perak
Kedah,Perlis,2014,165.6,actual,Kedah,Perlis
Kedah,Selangor,2014,188.6,actual,Kedah,Selangor
Kedah,Terengganu,2014,47.2,actual,Kedah,Terengganu
Kedah,Sabah,2014,16.7,actual,Kedah,Sabah
Kedah,Sarawak,2014,28.7,actual,Kedah,Sarawak
Kedah,W.P. Kuala Lumpur,2014,277.9,actual,Kedah,Kuala Lumpur
Kedah,W.P. Labuan,2014,0.0,actual,Kedah,Labuan
Kedah,W.P. Putrajaya,2014,35.6,actual,Kedah,Putrajaya
Kelantan,Johor,2014,162.8,actual,Kelantan,Johor
Kelantan,Kedah,2014,128.1,actual,Kelantan,Kedah
Kelantan,Kelantan,2014,1306.3,actual,Kelantan,Kelantan
Kelantan,Melaka,2014,77.3,actual,Kelantan,Malacca
Kelantan,Negeri Sembilan,2014,36.9,actual,Kelantan,Negeri Sembilan
Kelantan,Pahang,2014,262.7,actual,Kelantan,Pahang
Kelantan,Pulau Pinang,2014,53.3,actual,Kelantan,Penang
Kelantan,Perak,2014,117.1,actual,Kelantan,Perak
Kelantan,Perlis,2014,10.8,actual,Kelantan,Perlis
Kelantan,Selangor,2014,284.8,actual,Kelantan,Selangor
Kelantan,Terengganu,2014,198.8,actual,Kelantan,Terengganu
Kelantan,Sabah,2014,2.2,actual,Kelantan,Sabah
Kelantan,Sarawak,2014,8.9,actual,Kelantan,Sarawak
Kelantan,W.P. Kuala Lumpur,2014,404.3,actual,Kelantan,Kuala Lumpur
Kelantan,W.P. Labuan,2014,0.0,actual,Kelantan,Labuan
Kelantan,W.P. Putrajaya,2014,29.8,actual,Kelantan,Putrajaya
Melaka,Johor,2014,549.1,actual,Malacca,Johor
Melaka,Kedah,2014,31.1,actual,Malacca,Kedah
Melaka,Kelantan,2014,77.3,actual,Malacca,Kelantan
Melaka,Melaka,2014,382.8,actual,Malacca,Malacca
Melaka,Negeri Sembilan,2014,396.9,actual,Malacca,Negeri Sembilan
Melaka,Pahang,2014,175.6,actual,Malacca,Pahang
Melaka,Pulau Pinang,2014,29.7,actual,Malacca,Penang
Melaka,Perak,2014,109.7,actual,Malacca,Perak
Melaka,Perlis,2014,5.6,actual,Malacca,Perlis
Melaka,Selangor,2014,172.0,actual,Malacca,Selangor
Melaka,Terengganu,2014,16.4,actual,Malacca,Terengganu
Melaka,Sabah,2014,4.0,actual,Malacca,Sabah
Melaka,Sarawak,2014,0.4,actual,Malacca,Sarawak
Melaka,W.P. Kuala Lumpur,2014,122.2,actual,Malacca,Kuala Lumpur
Melaka,W.P. Labuan,2014,0.0,actual,Malacca,Labuan
Melaka,W.P. Putrajaya,2014,10.2,actual,Malacca,Putrajaya
Negeri Sembilan,Johor,2014,170.1,actual,Negeri Sembilan,Johor
Negeri Sembilan,Kedah,2014,67.9,actual,Negeri Sembilan,Kedah
Negeri Sembilan,Kelantan,2014,36.9,actual,Negeri Sembilan,Kelantan
Negeri Sembilan,Melaka,2014,396.9,actual,Negeri Sembilan,Malacca
Negeri Sembilan,Negeri Sembilan,2014,1297.0,actual,Negeri Sembilan,Negeri Sembilan
Negeri Sembilan,Pahang,2014,207.5,actual,Negeri Sembilan,Pahang
Negeri Sembilan,Pulau Pinang,2014,27.3,actual,Negeri Sembilan,Penang
Negeri Sembilan,Perak,2014,112.2,actual,Negeri Sembilan,Perak
Negeri Sembilan,Perlis,2014,7.6,actual,Negeri Sembilan,Perlis
Negeri Sembilan,Selangor,2014,311.6,actual,Negeri Sembilan,Selangor
Negeri Sembilan,Terengganu,2014,45.2,actual,Negeri Sembilan,Terengganu
Negeri Sembilan,Sabah,2014,5.8,actual,Negeri Sembilan,Sabah
Negeri Sembilan,Sarawak,2014,10.1,actual,Negeri Sembilan,Sarawak
Negeri Sembilan,W.P. Kuala Lumpur,2014,126.4,actual,Negeri Sembilan,Kuala Lumpur
Negeri Sembilan,W.P. Labuan,2014,3.3,actual,Negeri Sembilan,Labuan
Negeri Sembilan,W.P. Putrajaya,2014,8.8,actual,Negeri Sembilan,Putrajaya
Pahang,Johor,2014,247.9,actual,Pahang,Johor
Pahang,Kedah,2014,159.7,actual,Pahang,Kedah
Pahang,Kelantan,2014,262.7,actual,Pahang,Kelantan
Pahang,Melaka,2014,175.6,actual,Pahang,Malacca
Pahang,Negeri Sembilan,2014,207.5,actual,Pahang,Negeri Sembilan
Pahang,Pahang,2014,1380.3,actual,Pahang,Pahang
Pahang,Pulau Pinang,2014,76.9,actual,Pahang,Penang
Pahang,Perak,2014,128.9,actual,Pahang,Perak
Pahang,Perlis,2014,13.1,actual,Pahang,Perlis
Pahang,Selangor,2014,442.2,actual,Pahang,Selangor
Pahang,Terengganu,2014,325.6,actual,Pahang,Terengganu
Pahang,Sabah,2014,11.1,actual,Pahang,Sabah
Pahang,Sarawak,2014,1.9,actual,Pahang,Sarawak
Pahang,W.P. Kuala Lumpur,2014,330.4,actual,Pahang,Kuala Lumpur
Pahang,W.P. Labuan,2014,0.0,actual,Pahang,Labuan
Pahang,W.P. Putrajaya,2014,15.3,actual,Pahang,Putrajaya
Pulau Pinang,Johor,2014,10.5,actual,Penang,Johor
Pulau Pinang,Kedah,2014,395.8,actual,Penang,Kedah
Pulau Pinang,Kelantan,2014,53.3,actual,Penang,Kelantan
Pulau Pinang,Melaka,2014,29.7,actual,Penang,Malacca
Pulau Pinang,Negeri Sembilan,2014,27.3,actual,Penang,Negeri Sembilan
Pulau Pinang,Pahang,2014,76.9,actual,Penang,Pahang
Pulau Pinang,Pulau Pinang,2014,365.3,actual,Penang,Penang
Pulau Pinang,Perak,2014,590.4,actual,Penang,Perak
Pulau Pinang,Perlis,2014,94.0,actual,Penang,Perlis
Pulau Pinang,Selangor,2014,196.5,actual,Penang,Selangor
Pulau Pinang,Terengganu,2014,49.3,actual,Penang,Terengganu
Pulau Pinang,Sabah,2014,33.4,actual,Penang,Sabah
Pulau Pinang,Sarawak,2014,5.8,actual,Penang,Sarawak
Pulau Pinang,W.P. Kuala Lumpur,2014,245.4,actual,Penang,Kuala Lumpur
Pulau Pinang,W.P. Labuan,2014,0.0,actual,Penang,Labuan
Pulau Pinang,W.P. Putrajaya,2014,12.6,actual,Penang,Putrajaya
Perak,Johor,2014,215.9,actual,Perak,Johor
Perak,Kedah,2014,530.4,actual,Perak,Kedah
Perak,Kelantan,2014,117.1,actual,Perak,Kelantan
Perak,Melaka,2014,109.7,actual,Perak,Malacca
Perak,Negeri Sembilan,2014,112.2,actual,Perak,Negeri Sembilan
Perak,Pahang,2014,128.9,actual,Perak,Pahang
Perak,Pulau Pinang,2014,475.1,actual,Perak,Penang
Perak,Perak,2014,1351.7,actual,Perak,Perak
Perak,Perlis,2014,21.6,actual,Perak,Perlis
Perak,Selangor,2014,676.6,actual,Perak,Selangor
Perak,Terengganu,2014,109.4,actual,Perak,Terengganu
Perak,Sabah,2014,47.6,actual,Perak,Sabah
Perak,Sarawak,2014,2.9,actual,Perak,Sarawak
Perak,W.P. Kuala Lumpur,2014,489.8,actual,Perak,Kuala Lumpur
Perak,W.P. Labuan,2014,0.0,actual,Perak,Labuan
Perak,W.P. Putrajaya,2014,50.4,actual,Perak,Putrajaya
Perlis,Johor,2014,45.3,actual,Perlis,Johor
Perlis,Kedah,2014,165.6,actual,Perlis,Kedah
Perlis,Kelantan,2014,10.8,actual,Perlis,Kelantan
Perlis,Melaka,2014,5.6,actual,Perlis,Malacca
Perlis,Negeri Sembilan,2014,7.6,actual,Perlis,Negeri Sembilan
Perlis,Pahang,2014,13.1,actual,Perlis,Pahang
Perlis,Pulau Pinang,2014,37.9,actual,Perlis,Penang
Perlis,Perak,2014,54.7,actual,Perlis,Perak
Perlis,Perlis,2014,8.3,actual,Perlis,Perlis
Perlis,Selangor,2014,8.6,actual,Perlis,Selangor
Perlis,Terengganu,2014,2.8,actual,Perlis,Terengganu
Perlis,Sabah,2014,0.0,actual,Perlis,Sabah
Perlis,Sarawak,2014,0.2,actual,Perlis,Sarawak
Perlis,W.P. Kuala Lumpur,2014,44.4,actual,Perlis,Kuala Lumpur
Perlis,W.P. Labuan,2014,0.0,actual,Perlis,Labuan
Perlis,W.P. Putrajaya,2014,2.1,actual,Perlis,Putrajaya
Selangor,Johor,2014,1827.9,actual,Selangor,Johor
Selangor,Kedah,2014,1470.9,actual,Selangor,Kedah
Selangor,Kelantan,2014,1257.0,actual,Selangor,Kelantan
Selangor,Melaka,2014,1567.6,actual,Selangor,Malacca
Selangor,Negeri Sembilan,2014,1134.8,actual,Selangor,Negeri Sembilan
Selangor,Pahang,2014,1438.3,actual,Selangor,Pahang
Selangor,Pulau Pinang,2014,798.1,actual,Selangor,Penang
Selangor,Perak,2014,2364.8,actual,Selangor,Perak
Selangor,Perlis,2014,15.5,actual,Selangor,Perlis
Selangor,Selangor,2014,1689.4,actual,Selangor,Selangor
Selangor,Terengganu,2014,454.6,actual,Selangor,Terengganu
Selangor,Sabah,2014,213.7,actual,Selangor,Sabah
Selangor,Sarawak,2014,77.6,actual,Selangor,Sarawak
Selangor,W.P. Kuala Lumpur,2014,112.9,actual,Selangor,Kuala Lumpur
Selangor,W.P. Labuan,2014,0.0,actual,Selangor,Labuan
Selangor,W.P. Putrajaya,2014,5.1,actual,Selangor,Putrajaya
Terengganu,Johor,2014,66.4,actual,Terengganu,Johor
Terengganu,Kedah,2014,140.0,actual,Terengganu,Kedah
Terengganu,Kelantan,2014,602.8,actual,Terengganu,Kelantan
Terengganu,Melaka,2014,50.6,actual,Terengganu,Malacca
Terengganu,Negeri Sembilan,2014,53.4,actual,Terengganu,Negeri Sembilan
Terengganu,Pahang,2014,565.0,actual,Terengganu,Pahang
Terengganu,Pulau Pinang,2014,36.7,actual,Terengganu,Penang
Terengganu,Perak,2014,77.8,actual,Terengganu,Perak
Terengganu,Perlis,2014,15.0,actual,Terengganu,Perlis
Terengganu,Selangor,2014,124.2,actual,Terengganu,Selangor
Terengganu,Terengganu,2014,1391.2,actual,Terengganu,Terengganu
Terengganu,Sabah,2014,1.6,actual,Terengganu,Sabah
Terengganu,Sarawak,2014,5.3,actual,Terengganu,Sarawak
Terengganu,W.P. Kuala Lumpur,2014,292.4,actual,Terengganu,Kuala Lumpur
Terengganu,W.P. Labuan,2014,0.0,actual,Terengganu,Labuan
Terengganu,W.P. Putrajaya,2014,26.4,actual,Terengganu,Putrajaya
Sabah,Johor,2014,44.1,actual,Sabah,Johor
Sabah,Kedah,2014,33.1,actual,Sabah,Kedah
Sabah,Kelantan,2014,33.0,actual,Sabah,Kelantan
Sabah,Melaka,2014,23.4,actual,Sabah,Malacca
Sabah,Negeri Sembilan,2014,22.5,actual,Sabah,Negeri Sembilan
Sabah,Pahang,2014,20.0,actual,Sabah,Pahang
Sabah,Pulau Pinang,2014,31.7,actual,Sabah,Penang
Sabah,Perak,2014,27.9,actual,Sabah,Perak
Sabah,Perlis,2014,15.7,actual,Sabah,Perlis
Sabah,Selangor,2014,40.1,actual,Sabah,Selangor
Sabah,Terengganu,2014,14.1,actual,Sabah,Terengganu
Sabah,Sabah,2014,3587.2,actual,Sabah,Sabah
Sabah,Sarawak,2014,80.0,actual,Sabah,Sarawak
Sabah,W.P. Kuala Lumpur,2014,54.8,actual,Sabah,Kuala Lumpur
Sabah,W.P. Labuan,2014,116.9,actual,Sabah,Labuan
Sabah,W.P. Putrajaya,2014,13.3,actual,Sabah,Putrajaya
Sarawak,Johor,2014,54.4,actual,Sarawak,Johor
Sarawak,Kedah,2014,17.6,actual,Sarawak,Kedah
Sarawak,Kelantan,2014,4.5,actual,Sarawak,Kelantan
Sarawak,Melaka,2014,6.5,actual,Sarawak,Malacca
Sarawak,Negeri Sembilan,2014,0.8,actual,Sarawak,Negeri Sembilan
Sarawak,Pahang,2014,1.0,actual,Sarawak,Pahang
Sarawak,Pulau Pinang,2014,19.6,actual,Sarawak,Penang
Sarawak,Perak,2014,16.3,actual,Sarawak,Perak
Sarawak,Perlis,2014,5.5,actual,Sarawak,Perlis
Sarawak,Selangor,2014,48.1,actual,Sarawak,Selangor
Sarawak,Terengganu,2014,5.9,actual,Sarawak,Terengganu
Sarawak,Sabah,2014,122.9,actual,Sarawak,Sabah
Sarawak,Sarawak,2014,3999.3,actual,Sarawak,Sarawak
Sarawak,W.P. Kuala Lumpur,2014,134.3,actual,Sarawak,Kuala Lumpur
Sarawak,W.P. Labuan,2014,5.5,actual,Sarawak,Labuan
Sarawak,W.P. Putrajaya,2014,10.4,actual,Sarawak,Putrajaya
W.P. Kuala Lumpur,Johor,2014,557.3,actual,Kuala Lumpur,Johor
W.P. Kuala Lumpur,Kedah,2014,343.1,actual,Kuala Lumpur,Kedah
W.P. Kuala Lumpur,Kelantan,2014,206.4,actual,Kuala Lumpur,Kelantan
W.P. Kuala Lumpur,Melaka,2014,739.3,actual,Kuala Lumpur,Malacca
W.P. Kuala Lumpur,Negeri Sembilan,2014,701.4,actual,Kuala Lumpur,Negeri Sembilan
W.P. Kuala Lumpur,Pahang,2014,914.0,actual,Kuala Lumpur,Pahang
W.P. Kuala Lumpur,Pulau Pinang,2014,307.4,actual,Kuala Lumpur,Penang
W.P. Kuala Lumpur,Perak,2014,1232.8,actual,Kuala Lumpur,Perak
W.P. Kuala Lumpur,Perlis,2014,12.9,actual,Kuala Lumpur,Perlis
W.P. Kuala Lumpur,Selangor,2014,375.9,actual,Kuala Lumpur,Selangor
W.P. Kuala Lumpur,Terengganu,2014,68.3,actual,Kuala Lumpur,Terengganu
W.P. Kuala Lumpur,Sabah,2014,14.5,actual,Kuala Lumpur,Sabah
W.P. Kuala Lumpur,Sarawak,2014,109.1,actual,Kuala Lumpur,Sarawak
W.P. Kuala Lumpur,W.P. Kuala Lumpur,2014,52.6,actual,Kuala Lumpur,Kuala Lumpur
W.P. Kuala Lumpur,W.P. Labuan,2014,6.9,actual,Kuala Lumpur,Labuan
W.P. Kuala Lumpur,W.P. Putrajaya,2014,0.0,actual,Kuala Lumpur,Putrajaya
W.P. Labuan,Johor,2014,0.2,actual,Labuan,Johor
W.P. Labuan,Kedah,2014,1.4,actual,Labuan,Kedah
W.P. Labuan,Kelantan,2014,0.0,actual,Labuan,Kelantan
W.P. Labuan,Melaka,2014,0.0,actual,Labuan,Malacca
W.P. Labuan,Negeri Sembilan,2014,0.2,actual,Labuan,Negeri Sembilan
W.P. Labuan,Pahang,2014,0.2,actual,Labuan,Pahang
W.P. Labuan,Pulau Pinang,2014,1.9,actual,Labuan,Penang
W.P. Labuan,Perak,2014,0.4,actual,Labuan,Perak
W.P. Labuan,Perlis,2014,0.4,actual,Labuan,Perlis
W.P. Labuan,Selangor,2014,0.2,actual,Labuan,Selangor
W.P. Labuan,Terengganu,2014,0.0,actual,Labuan,Terengganu
W.P. Labuan,Sabah,2014,185.5,actual,Labuan,Sabah
W.P. Labuan,Sarawak,2014,16.1,actual,Labuan,Sarawak
W.P. Labuan,W.P. Kuala Lumpur,2014,3.4,actual,Labuan,Kuala Lumpur
W.P. Labuan,W.P. Labuan,2014,1.8,actual,Labuan,Labuan
W.P. Labuan,W.P. Putrajaya,2014,0.8,actual,Labuan,Putrajaya
W.P. Putrajaya,Johor,2014,24.7,actual,Putrajaya,Johor
W.P. Putrajaya,Kedah,2014,51.4,actual,Putrajaya,Kedah
W.P. Putrajaya,Kelantan,2014,24.5,actual,Putrajaya,Kelantan
W.P. Putrajaya,Melaka,2014,44.3,actual,Putrajaya,Malacca
W.P. Putrajaya,Negeri Sembilan,2014,48.6,actual,Putrajaya,Negeri Sembilan
W.P. Putrajaya,Pahang,2014,35.9,actual,Putrajaya,Pahang
W.P. Putrajaya,Pulau Pinang,2014,17.7,actual,Putrajaya,Penang
W.P. Putrajaya,Perak,2014,92.3,actual,Putrajaya,Perak
W.P. Putrajaya,Perlis,2014,0.8,actual,Putrajaya,Perlis
W.P. Putrajaya,Selangor,2014,58.1,actual,Putrajaya,Selangor
W.P. Putrajaya,Terengganu,2014,24.5,actual,Putrajaya,Terengganu
W.P. Putrajaya,Sabah,2014,0.5,actual,Putrajaya,Sabah
W.P. Putrajaya,Sarawak,2014,0.2,actual,Putrajaya,Sarawak
W.P. Putrajaya,W.P. Kuala Lumpur,2014,2.4,actual,Putrajaya,Kuala Lumpur
W.P. Putrajaya,W.P. Labuan,2014,0.2,actual,Putrajaya,Labuan
W.P. Putrajaya,W.P. Putrajaya,2014,0.0,actual,Putrajaya,Putrajaya
Johor,Johor,2015,2270.476321555149,actual,Johor,Johor
Johor,Kedah,2015,44.7,actual,Johor,Kedah
Johor,Kelantan,2015,87.8,actual,Johor,Kelantan
Johor,Melaka,2015,628.4,actual,Johor,Malacca
Johor,Negeri Sembilan,2015,345.7,actual,Johor,Negeri Sembilan
Johor,Pahang,2015,372.7,actual,Johor,Pahang
Johor,Pulau Pinang,2015,78.7,actual,Johor,Penang
Johor,Perak,2015,244.0,actual,Johor,Perak
Johor,Perlis,2015,4.2,actual,Johor,Perlis
Johor,Selangor,2015,435.0,actual,Johor,Selangor
Johor,Terengganu,2015,137.9,actual,Johor,Terengganu
Johor,Sabah,2015,30.5,actual,Johor,Sabah
Johor,Sarawak,2015,6.2,actual,Johor,Sarawak
Johor,W.P. Kuala Lumpur,2015,639.6,actual,Johor,Kuala Lumpur
Johor,W.P. Labuan,2015,17.0,actual,Johor,Labuan
Johor,W.P. Putrajaya,2015,41.1,actual,Johor,Putrajaya
Kedah,Johor,2015,19.2,actual,Kedah,Johor
Kedah,Kedah,2015,2085.052323115486,actual,Kedah,Kedah
Kedah,Kelantan,2015,129.4,actual,Kedah,Kelantan
Kedah,Melaka,2015,38.1,actual,Kedah,Malacca
Kedah,Negeri Sembilan,2015,48.0,actual,Kedah,Negeri Sembilan
Kedah,Pahang,2015,80.2,actual,Kedah,Pahang
Kedah,Pulau Pinang,2015,452.1,actual,Kedah,Penang
Kedah,Perak,2015,379.2,actual,Kedah,Perak
Kedah,Perlis,2015,114.2,actual,Kedah,Perlis
Kedah,Selangor,2015,172.8,actual,Kedah,Selangor
Kedah,Terengganu,2015,40.7,actual,Kedah,Terengganu
Kedah,Sabah,2015,0.9,actual,Kedah,Sabah
Kedah,Sarawak,2015,21.2,actual,Kedah,Sarawak
Kedah,W.P. Kuala Lumpur,2015,173.7,actual,Kedah,Kuala Lumpur
Kedah,W.P. Labuan,2015,0.9,actual,Kedah,Labuan
Kedah,W.P. Putrajaya,2015,45.1,actual,Kedah,Putrajaya
Kelantan,Johor,2015,114.0,actual,Kelantan,Johor
Kelantan,Kedah,2015,149.1,actual,Kelantan,Kedah
Kelantan,Kelantan,2015,1085.6,actual,Kelantan,Kelantan
Kelantan,Melaka,2015,77.0,actual,Kelantan,Malacca
Kelantan,Negeri Sembilan,2015,76.6,actual,Kelantan,Negeri Sembilan
Kelantan,Pahang,2015,189.5,actual,Kelantan,Pahang
Kelantan,Pulau Pinang,2015,94.6,actual,Kelantan,Penang
Kelantan,Perak,2015,180.7,actual,Kelantan,Perak
Kelantan,Perlis,2015,67.3,actual,Kelantan,Perlis
Kelantan,Selangor,2015,367.1,actual,Kelantan,Selangor
Kelantan,Terengganu,2015,183.5,actual,Kelantan,Terengganu
Kelantan,Sabah,2015,23.1,actual,Kelantan,Sabah
Kelantan,Sarawak,2015,51.1,actual,Kelantan,Sarawak
Kelantan,W.P. Kuala Lumpur,2015,179.3,actual,Kelantan,Kuala Lumpur
Kelantan,W.P. Labuan,2015,38.6,actual,Kelantan,Labuan
Kelantan,W.P. Putrajaya,2015,67.6,actual,Kelantan,Putrajaya
Melaka,Johor,2015,583.3,actual,Malacca,Johor
Melaka,Kedah,2015,36.9,actual,Malacca,Kedah
Melaka,Kelantan,2015,43.3,actual,Malacca,Kelantan
Melaka,Melaka,2015,518.5802108379992,actual,Malacca,Malacca
Melaka,Negeri Sembilan,2015,575.0,actual,Malacca,Negeri Sembilan
Melaka,Pahang,2015,218.3,actual,Malacca,Pahang
Melaka,Pulau Pinang,2015,34.3,actual,Malacca,Penang
Melaka,Perak,2015,91.6,actual,Malacca,Perak
Melaka,Perlis,2015,7.3,actual,Malacca,Perlis
Melaka,Selangor,2015,222.3,actual,Malacca,Selangor
Melaka,Terengganu,2015,37.3,actual,Malacca,Terengganu
Melaka,Sabah,2015,2.0,actual,Malacca,Sabah
Melaka,Sarawak,2015,5.6,actual,Malacca,Sarawak
Melaka,W.P. Kuala Lumpur,2015,148.8,actual,Malacca,Kuala Lumpur
Melaka,W.P. Labuan,2015,8.2,actual,Malacca,Labuan
Melaka,W.P. Putrajaya,2015,21.5,actual,Malacca,Putrajaya
Negeri Sembilan,Johor,2015,250.7,actual,Negeri Sembilan,Johor
Negeri Sembilan,Kedah,2015,80.9,actual,Negeri Sembilan,Kedah
Negeri Sembilan,Kelantan,2015,59.8,actual,Negeri Sembilan,Kelantan
Negeri Sembilan,Melaka,2015,334.4,actual,Negeri Sembilan,Malacca
Negeri Sembilan,Negeri Sembilan,2015,2063.4,actual,Negeri Sembilan,Negeri Sembilan
Negeri Sembilan,Pahang,2015,188.2,actual,Negeri Sembilan,Pahang
Negeri Sembilan,Pulau Pinang,2015,69.9,actual,Negeri Sembilan,Penang
Negeri Sembilan,Perak,2015,195.2,actual,Negeri Sembilan,Perak
Negeri Sembilan,Perlis,2015,1.1,actual,Negeri Sembilan,Perlis
Negeri Sembilan,Selangor,2015,320.3,actual,Negeri Sembilan,Selangor
Negeri Sembilan,Terengganu,2015,52.5,actual,Negeri Sembilan,Terengganu
Negeri Sembilan,Sabah,2015,1.1,actual,Negeri Sembilan,Sabah
Negeri Sembilan,Sarawak,2015,8.9,actual,Negeri Sembilan,Sarawak
Negeri Sembilan,W.P. Kuala Lumpur,2015,135.2,actual,Negeri Sembilan,Kuala Lumpur
Negeri Sembilan,W.P. Labuan,2015,1.1,actual,Negeri Sembilan,Labuan
Negeri Sembilan,W.P. Putrajaya,2015,18.4,actual,Negeri Sembilan,Putrajaya
Pahang,Johor,2015,208.8,actual,Pahang,Johor
Pahang,Kedah,2015,74.4,actual,Pahang,Kedah
Pahang,Kelantan,2015,313.7,actual,Pahang,Kelantan
Pahang,Melaka,2015,171.2,actual,Pahang,Malacca
Pahang,Negeri Sembilan,2015,105.4,actual,Pahang,Negeri Sembilan
Pahang,Pahang,2015,2120.7,actual,Pahang,Pahang
Pahang,Pulau Pinang,2015,27.4,actual,Pahang,Penang
Pahang,Perak,2015,173.6,actual,Pahang,Perak
Pahang,Perlis,2015,10.4,actual,Pahang,Perlis
Pahang,Selangor,2015,392.0,actual,Pahang,Selangor
Pahang,Terengganu,2015,397.2,actual,Pahang,Terengganu
Pahang,Sabah,2015,2.0,actual,Pahang,Sabah
Pahang,Sarawak,2015,5.0,actual,Pahang,Sarawak
Pahang,W.P. Kuala Lumpur,2015,314.3,actual,Pahang,Kuala Lumpur
Pahang,W.P. Labuan,2015,1.7,actual,Pahang,Labuan
Pahang,W.P. Putrajaya,2015,50.5,actual,Pahang,Putrajaya
Pulau Pinang,Johor,2015,67.2,actual,Penang,Johor
Pulau Pinang,Kedah,2015,682.4,actual,Penang,Kedah
Pulau Pinang,Kelantan,2015,95.0,actual,Penang,Kelantan
Pulau Pinang,Melaka,2015,76.3,actual,Penang,Malacca
Pulau Pinang,Negeri Sembilan,2015,27.2,actual,Penang,Negeri Sembilan
Pulau Pinang,Pahang,2015,122.3,actual,Penang,Pahang
Pulau Pinang,Pulau Pinang,2015,341.2,actual,Penang,Penang
Pulau Pinang,Perak,2015,354.2,actual,Penang,Perak
Pulau Pinang,Perlis,2015,91.0,actual,Penang,Perlis
Pulau Pinang,Selangor,2015,330.8,actual,Penang,Selangor
Pulau Pinang,Terengganu,2015,16.8,actual,Penang,Terengganu
Pulau Pinang,Sabah,2015,1.3,actual,Penang,Sabah
Pulau Pinang,Sarawak,2015,1.3,actual,Penang,Sarawak
Pulau Pinang,W.P. Kuala Lumpur,2015,264.6,actual,Penang,Kuala Lumpur
Pulau Pinang,W.P. Labuan,2015,1.3,actual,Penang,Labuan
Pulau Pinang,W.P. Putrajaya,2015,34.6,actual,Penang,Putrajaya
Perak,Johor,2015,57.9,actual,Perak,Johor
Perak,Kedah,2015,353.8,actual,Perak,Kedah
Perak,Kelantan,2015,177.3,actual,Perak,Kelantan
Perak,Melaka,2015,92.3,actual,Perak,Malacca
Perak,Negeri Sembilan,2015,104.2,actual,Perak,Negeri Sembilan
Perak,Pahang,2015,82.7,actual,Perak,Pahang
Perak,Pulau Pinang,2015,213.3,actual,Perak,Penang
Perak,Perak,2015,2388.200072433811,actual,Perak,Perak
Perak,Perlis,2015,24.6,actual,Perak,Perlis
Perak,Selangor,2015,366.9,actual,Perak,Selangor
Perak,Terengganu,2015,44.3,actual,Perak,Terengganu
Perak,Sabah,2015,4.7,actual,Perak,Sabah
Perak,Sarawak,2015,39.6,actual,Perak,Sarawak
Perak,W.P. Kuala Lumpur,2015,359.9,actual,Perak,Kuala Lumpur
Perak,W.P. Labuan,2015,4.7,actual,Perak,Labuan
Perak,W.P. Putrajaya,2015,25.9,actual,Perak,Putrajaya
Perlis,Johor,2015,2.4,actual,Perlis,Johor
Perlis,Kedah,2015,102.3,actual,Perlis,Kedah
Perlis,Kelantan,2015,13.6,actual,Perlis,Kelantan
Perlis,Melaka,2015,15.2,actual,Perlis,Malacca
Perlis,Negeri Sembilan,2015,5.3,actual,Perlis,Negeri Sembilan
Perlis,Pahang,2015,14.5,actual,Perlis,Pahang
Perlis,Pulau Pinang,2015,61.7,actual,Perlis,Penang
Perlis,Perak,2015,35.4,actual,Perlis,Perak
Perlis,Perlis,2015,30.93857355142468,actual,Perlis,Perlis
Perlis,Selangor,2015,24.0,actual,Perlis,Selangor
Perlis,Terengganu,2015,29.6,actual,Perlis,Terengganu
Perlis,Sabah,2015,0.5,actual,Perlis,Sabah
Perlis,Sarawak,2015,2.5,actual,Perlis,Sarawak
Perlis,W.P. Kuala Lumpur,2015,28.0,actual,Perlis,Kuala Lumpur
Perlis,W.P. Labuan,2015,2.1,actual,Perlis,Labuan
Perlis,W.P. Putrajaya,2015,9.7,actual,Perlis,Putrajaya
Selangor,Johor,2015,1358.1,actual,Selangor,Johor
Selangor,Kedah,2015,860.7,actual,Selangor,Kedah
Selangor,Kelantan,2015,668.3,actual,Selangor,Kelantan
Selangor,Melaka,2015,1204.0,actual,Selangor,Malacca
Selangor,Negeri Sembilan,2015,2155.6,actual,Selangor,Negeri Sembilan
Selangor,Pahang,2015,2350.7,actual,Selangor,Pahang
Selangor,Pulau Pinang,2015,457.0,actual,Selangor,Penang
Selangor,Perak,2015,2790.0,actual,Selangor,Perak
Selangor,Perlis,2015,249.6,actual,Selangor,Perlis
Selangor,Selangor,2015,1907.393254306272,actual,Selangor,Selangor
Selangor,Terengganu,2015,352.3,actual,Selangor,Terengganu
Selangor,Sabah,2015,109.7,actual,Selangor,Sabah
Selangor,Sarawak,2015,48.0,actual,Selangor,Sarawak
Selangor,W.P. Kuala Lumpur,2015,127.2,actual,Selangor,Kuala Lumpur
Selangor,W.P. Labuan,2015,4.3,actual,Selangor,Labuan
Selangor,W.P. Putrajaya,2015,7.2,actual,Selangor,Putrajaya
Terengganu,Johor,2015,70.0,actual,Terengganu,Johor
Terengganu,Kedah,2015,33.0,actual,Terengganu,Kedah
Terengganu,Kelantan,2015,488.0,actual,Terengganu,Kelantan
Terengganu,Melaka,2015,19.6,actual,Terengganu,Malacca
Terengganu,Negeri Sembilan,2015,29.8,actual,Terengganu,Negeri Sembilan
Terengganu,Pahang,2015,451.7,actual,Terengganu,Pahang
Terengganu,Pulau Pinang,2015,13.1,actual,Terengganu,Penang
Terengganu,Perak,2015,50.8,actual,Terengganu,Perak
Terengganu,Perlis,2015,13.9,actual,Terengganu,Perlis
Terengganu,Selangor,2015,205.0,actual,Terengganu,Selangor
Terengganu,Terengganu,2015,1764.01831015098,actual,Terengganu,Terengganu
Terengganu,Sabah,2015,0.3,actual,Terengganu,Sabah
Terengganu,Sarawak,2015,2.5,actual,Terengganu,Sarawak
Terengganu,W.P. Kuala Lumpur,2015,190.0,actual,Terengganu,Kuala Lumpur
Terengganu,W.P. Labuan,2015,0.3,actual,Terengganu,Labuan
Terengganu,W.P. Putrajaya,2015,23.7,actual,Terengganu,Putrajaya
Sabah,Johor,2015,30.8,actual,Sabah,Johor
Sabah,Kedah,2015,3.8,actual,Sabah,Kedah
Sabah,Kelantan,2015,2.8,actual,Sabah,Kelantan
Sabah,Melaka,2015,0.5,actual,Sabah,Malacca
Sabah,Negeri Sembilan,2015,2.0,actual,Sabah,Negeri Sembilan
Sabah,Pahang,2015,4.2,actual,Sabah,Pahang
Sabah,Pulau Pinang,2015,9.4,actual,Sabah,Penang
Sabah,Perak,2015,1.0,actual,Sabah,Perak
Sabah,Perlis,2015,1.3,actual,Sabah,Perlis
Sabah,Selangor,2015,12.5,actual,Sabah,Selangor
Sabah,Terengganu,2015,8.4,actual,Sabah,Terengganu
Sabah,Sabah,2015,3481.363970643064,actual,Sabah,Sabah
Sabah,Sarawak,2015,48.3,actual,Sabah,Sarawak
Sabah,W.P. Kuala Lumpur,2015,62.7,actual,Sabah,Kuala Lumpur
Sabah,W.P. Labuan,2015,35.2,actual,Sabah,Labuan
Sabah,W.P. Putrajaya,2015,4.7,actual,Sabah,Putrajaya
Sarawak,Johor,2015,33.9,actual,Sarawak,Johor
Sarawak,Kedah,2015,2.4,actual,Sarawak,Kedah
Sarawak,Kelantan,2015,16.4,actual,Sarawak,Kelantan
Sarawak,Melaka,2015,0.5,actual,Sarawak,Malacca
Sarawak,Negeri Sembilan,2015,5.3,actual,Sarawak,Negeri Sembilan
Sarawak,Pahang,2015,6.9,actual,Sarawak,Pahang
Sarawak,Pulau Pinang,2015,5.4,actual,Sarawak,Penang
Sarawak,Perak,2015,0.8,actual,Sarawak,Perak
Sarawak,Perlis,2015,2.6,actual,Sarawak,Perlis
Sarawak,Selangor,2015,16.1,actual,Sarawak,Selangor
Sarawak,Terengganu,2015,12.7,actual,Sarawak,Terengganu
Sarawak,Sabah,2015,117.8,actual,Sarawak,Sabah
Sarawak,Sarawak,2015,4200.266982877765,actual,Sarawak,Sarawak
Sarawak,W.P. Kuala Lumpur,2015,126.9,actual,Sarawak,Kuala Lumpur
Sarawak,W.P. Labuan,2015,9.9,actual,Sarawak,Labuan
Sarawak,W.P. Putrajaya,2015,6.3,actual,Sarawak,Putrajaya
W.P. Kuala Lumpur,Johor,2015,900.5,actual,Kuala Lumpur,Johor
W.P. Kuala Lumpur,Kedah,2015,381.6,actual,Kuala Lumpur,Kedah
W.P. Kuala Lumpur,Kelantan,2015,225.6,actual,Kuala Lumpur,Kelantan
W.P. Kuala Lumpur,Melaka,2015,717.9,actual,Kuala Lumpur,Malacca
W.P. Kuala Lumpur,Negeri Sembilan,2015,506.2,actual,Kuala Lumpur,Negeri Sembilan
W.P. Kuala Lumpur,Pahang,2015,621.6,actual,Kuala Lumpur,Pahang
W.P. Kuala Lumpur,Pulau Pinang,2015,275.7,actual,Kuala Lumpur,Penang
W.P. Kuala Lumpur,Perak,2015,1015.4,actual,Kuala Lumpur,Perak
W.P. Kuala Lumpur,Perlis,2015,20.0,actual,Kuala Lumpur,Perlis
W.P. Kuala Lumpur,Selangor,2015,596.3,actual,Kuala Lumpur,Selangor
W.P. Kuala Lumpur,Terengganu,2015,135.8,actual,Kuala Lumpur,Terengganu
W.P. Kuala Lumpur,Sabah,2015,26.7,actual,Kuala Lumpur,Sabah
W.P. Kuala Lumpur,Sarawak,2015,23.7,actual,Kuala Lumpur,Sarawak
W.P. Kuala Lumpur,W.P. Kuala Lumpur,2015,314.3181238141119,actual,Kuala Lumpur,Kuala Lumpur
W.P. Kuala Lumpur,W.P. Labuan,2015,4.3,actual,Kuala Lumpur,Labuan
W.P. Kuala Lumpur,W.P. Putrajaya,2015,0.0,actual,Kuala Lumpur,Putrajaya
W.P. Labuan,Johor,2015,2.9,actual,Labuan,Johor
W.P. Labuan,Kedah,2015,3.8,actual,Labuan,Kedah
W.P. Labuan,Kelantan,2015,0.6,actual,Labuan,Kelantan
W.P. Labuan,Melaka,2015,2.1,actual,Labuan,Malacca
W.P. Labuan,Negeri Sembilan,2015,17.2,actual,Labuan,Negeri Sembilan
W.P. Labuan,Pahang,2015,7.3,actual,Labuan,Pahang
W.P. Labuan,Pulau Pinang,2015,3.6,actual,Labuan,Penang
W.P. Labuan,Perak,2015,0.1,actual,Labuan,Perak
W.P. Labuan,Perlis,2015,3.6,actual,Labuan,Perlis
W.P. Labuan,Selangor,2015,2.1,actual,Labuan,Selangor
W.P. Labuan,Terengganu,2015,0.6,actual,Labuan,Terengganu
W.P. Labuan,Sabah,2015,145.8,actual,Labuan,Sabah
W.P. Labuan,Sarawak,2015,5.4,actual,Labuan,Sarawak
W.P. Labuan,W.P. Kuala Lumpur,2015,11.9,actual,Labuan,Kuala Lumpur
W.P. Labuan,W.P. Labuan,2015,0.0,actual,Labuan,Labuan
W.P. Labuan,W.P. Putrajaya,2015,0.2,actual,Labuan,Putrajaya
W.P. Putrajaya,Johor,2015,49.0,actual,Putrajaya,Johor
W.P. Putrajaya,Kedah,2015,47.3,actual,Putrajaya,Kedah
W.P. Putrajaya,Kelantan,2015,35.0,actual,Putrajaya,Kelantan
W.P. Putrajaya,Melaka,2015,48.7,actual,Putrajaya,Malacca
W.P. Putrajaya,Negeri Sembilan,2015,30.6,actual,Putrajaya,Negeri Sembilan
W.P. Putrajaya,Pahang,2015,41.3,actual,Putrajaya,Pahang
W.P. Putrajaya,Pulau Pinang,2015,26.6,actual,Putrajaya,Penang
W.P. Putrajaya,Perak,2015,63.1,actual,Putrajaya,Perak
W.P. Putrajaya,Perlis,2015,3.9,actual,Putrajaya,Perlis
W.P. Putrajaya,Selangor,2015,37.8,actual,Putrajaya,Selangor
W.P. Putrajaya,Terengganu,2015,22.8,actual,Putrajaya,Terengganu
W.P. Putrajaya,Sabah,2015,4.1,actual,Putrajaya,Sabah
W.P. Putrajaya,Sarawak,2015,2.6,actual,Putrajaya,Sarawak
W.P. Putrajaya,W.P. Kuala Lumpur,2015,4.0,actual,Putrajaya,Kuala Lumpur
W.P. Putrajaya,W.P. Labuan,2015,2.3,actual,Putrajaya,Labuan
W.P. Putrajaya,W.P. Putrajaya,2015,0.0,actual,Putrajaya,Putrajaya
Johor,Johor,2016,2377.845894876888,actual,Johor,Johor
Johor,Kedah,2016,167.3750980182378,actual,Johor,Kedah
Johor,Kelantan,2016,110.3263898323413,actual,Johor,Kelantan
Johor,Melaka,2016,493.454047829328,actual,Johor,Malacca
Johor,Negeri Sembilan,2016,178.1109483845358,actual,Johor,Negeri Sembilan
Johor,Pahang,2016,369.7134031595483,actual,Johor,Pahang
Johor,Pulau Pinang,2016,92.62621921670947,actual,Johor,Penang
Johor,Perak,2016,280.4433433885802,actual,Johor,Perak
Johor,Perlis,2016,10.5940030609623,actual,Johor,Perlis
Johor,Selangor,2016,637.7160857117871,actual,Johor,Selangor
Johor,Terengganu,2016,80.02916227927764,actual,Johor,Terengganu
Johor,Sabah,2016,11.98704860292721,actual,Johor,Sabah
Johor,Sarawak,2016,28.13337540118438,actual,Johor,Sarawak
Johor,W.P. Kuala Lumpur,2016,758.1308687654493,actual,Johor,Kuala Lumpur
Johor,W.P. Labuan,2016,7.152193998800175,actual,Johor,Labuan
Johor,W.P. Putrajaya,2016,57.61426897344447,actual,Johor,Putrajaya
Kedah,Johor,2016,99.45896166210353,actual,Kedah,Johor
Kedah,Kedah,2016,1280.247223478056,actual,Kedah,Kedah
Kedah,Kelantan,2016,190.3608785530182,actual,Kedah,Kelantan
Kedah,Melaka,2016,58.52647144733595,actual,Kedah,Malacca
Kedah,Negeri Sembilan,2016,57.54884133617573,actual,Kedah,Negeri Sembilan
Kedah,Pahang,2016,140.3693560138505,actual,Kedah,Pahang
Kedah,Pulau Pinang,2016,379.767343322538,actual,Kedah,Penang
Kedah,Perak,2016,552.6144430140453,actual,Kedah,Perak
Kedah,Perlis,2016,341.7651665602584,actual,Kedah,Perlis
Kedah,Selangor,2016,306.9891478315612,actual,Kedah,Selangor
Kedah,Terengganu,2016,83.70957615666671,actual,Kedah,Terengganu
Kedah,Sabah,2016,22.29683784173555,actual,Kedah,Sabah
Kedah,Sarawak,2016,19.58278657720728,actual,Kedah,Sarawak
Kedah,W.P. Kuala Lumpur,2016,237.440656948177,actual,Kedah,Kuala Lumpur
Kedah,W.P. Labuan,2016,19.43693974252153,actual,Kedah,Labuan
Kedah,W.P. Putrajaya,2016,27.81313551474658,actual,Kedah,Putrajaya
Kelantan,Johor,2016,22.56190451863147,actual,Kelantan,Johor
Kelantan,Kedah,2016,81.66829927862267,actual,Kelantan,Kedah
Kelantan,Kelantan,2016,1251.109513750413,actual,Kelantan,Kelantan
Kelantan,Melaka,2016,90.70003162629938,actual,Kelantan,Malacca
Kelantan,Negeri Sembilan,2016,44.34101107686751,actual,Kelantan,Negeri Sembilan
Kelantan,Pahang,2016,219.1975090787402,actual,Kelantan,Pahang
Kelantan,Pulau Pinang,2016,74.97581727345552,actual,Kelantan,Penang
Kelantan,Perak,2016,108.2108313613878,actual,Kelantan,Perak
Kelantan,Perlis,2016,18.83345704902432,actual,Kelantan,Perlis
Kelantan,Selangor,2016,567.4808917513553,actual,Kelantan,Selangor
Kelantan,Terengganu,2016,182.4992089184615,actual,Kelantan,Terengganu
Kelantan,Sabah,2016,50.00219668495955,actual,Kelantan,Sabah
Kelantan,Sarawak,2016,33.31615687187551,actual,Kelantan,Sarawak
Kelantan,W.P. Kuala Lumpur,2016,194.9737180433087,actual,Kelantan,Kuala Lumpur
Kelantan,W.P. Labuan,2016,21.25810667148804,actual,Kelantan,Labuan
Kelantan,W.P. Putrajaya,2016,41.55400404511204,actual,Kelantan,Putrajaya
Melaka,Johor,2016,800.4763421630333,actual,Malacca,Johor
Melaka,Kedah,2016,68.41915702227656,actual,Malacca,Kedah
Melaka,Kelantan,2016,49.73640387773244,actual,Malacca,Kelantan
Melaka,Melaka,2016,134.5094697074653,actual,Malacca,Malacca
Melaka,Negeri Sembilan,2016,243.1004944859914,actual,Malacca,Negeri Sembilan
Melaka,Pahang,2016,327.1026195044525,actual,Malacca,Pahang
Melaka,Pulau Pinang,2016,63.77164760614762,actual,Malacca,Penang
Melaka,Perak,2016,113.7693619335509,actual,Malacca,Perak
Melaka,Perlis,2016,15.93122790740235,actual,Malacca,Perlis
Melaka,Selangor,2016,409.8344300990433,actual,Malacca,Selangor
Melaka,Terengganu,2016,93.59927071688743,actual,Malacca,Terengganu
Melaka,Sabah,2016,15.38461880407454,actual,Malacca,Sabah
Melaka,Sarawak,2016,13.26802565179743,actual,Malacca,Sarawak
Melaka,W.P. Kuala Lumpur,2016,245.4709137291182,actual,Malacca,Kuala Lumpur
Melaka,W.P. Labuan,2016,0.0,actual,Malacca,Labuan
Melaka,W.P. Putrajaya,2016,26.76818079102895,actual,Malacca,Putrajaya
Negeri Sembilan,Johor,2016,272.1364976115094,actual,Negeri Sembilan,Johor
Negeri Sembilan,Kedah,2016,126.9815487582766,actual,Negeri Sembilan,Kedah
Negeri Sembilan,Kelantan,2016,134.7567855978024,actual,Negeri Sembilan,Kelantan
Negeri Sembilan,Melaka,2016,444.5748095494163,actual,Negeri Sembilan,Malacca
Negeri Sembilan,Negeri Sembilan,2016,1572.467431580621,actual,Negeri Sembilan,Negeri Sembilan
Negeri Sembilan,Pahang,2016,209.732869932885,actual,Negeri Sembilan,Pahang
Negeri Sembilan,Pulau Pinang,2016,79.2499131083987,actual,Negeri Sembilan,Penang
Negeri Sembilan,Perak,2016,133.3936089491615,actual,Negeri Sembilan,Perak
Negeri Sembilan,Perlis,2016,1.464025372129694,actual,Negeri Sembilan,Perlis
Negeri Sembilan,Selangor,2016,588.5582684506765,actual,Negeri Sembilan,Selangor
Negeri Sembilan,Terengganu,2016,82.88233237230723,actual,Negeri Sembilan,Terengganu
Negeri Sembilan,Sabah,2016,15.1682893952718,actual,Negeri Sembilan,Sabah
Negeri Sembilan,Sarawak,2016,8.81900997973363,actual,Negeri Sembilan,Sarawak
Negeri Sembilan,W.P. Kuala Lumpur,2016,241.7816967693215,actual,Negeri Sembilan,Kuala Lumpur
Negeri Sembilan,W.P. Labuan,2016,5.3699345724908,actual,Negeri Sembilan,Labuan
Negeri Sembilan,W.P. Putrajaya,2016,0.0,actual,Negeri Sembilan,Putrajaya
Pahang,Johor,2016,259.588240277501,actual,Pahang,Johor
Pahang,Kedah,2016,206.8058090691865,actual,Pahang,Kedah
Pahang,Kelantan,2016,377.891958451353,actual,Pahang,Kelantan
Pahang,Melaka,2016,245.9082208602962,actual,Pahang,Malacca
Pahang,Negeri Sembilan,2016,126.4409957178535,actual,Pahang,Negeri Sembilan
Pahang,Pahang,2016,1942.231148032962,actual,Pahang,Pahang
Pahang,Pulau Pinang,2016,83.13848064810205,actual,Pahang,Penang
Pahang,Perak,2016,153.7471713949805,actual,Pahang,Perak
Pahang,Perlis,2016,8.780389506992472,actual,Pahang,Perlis
Pahang,Selangor,2016,495.2856578496726,actual,Pahang,Selangor
Pahang,Terengganu,2016,554.8388200953065,actual,Pahang,Terengganu
Pahang,Sabah,2016,3.335318207054543,actual,Pahang,Sabah
Pahang,Sarawak,2016,13.40375356071898,actual,Pahang,Sarawak
Pahang,W.P. Kuala Lumpur,2016,300.1875476808896,actual,Pahang,Kuala Lumpur
Pahang,W.P. Labuan,2016,0.0,actual,Pahang,Labuan
Pahang,W.P. Putrajaya,2016,26.26617464712949,actual,Pahang,Putrajaya
Pulau Pinang,Johor,2016,97.78815573718278,actual,Penang,Johor
Pulau Pinang,Kedah,2016,526.1025988601901,actual,Penang,Kedah
Pulau Pinang,Kelantan,2016,42.4034417941388,actual,Penang,Kelantan
Pulau Pinang,Melaka,2016,48.38684988604022,actual,Penang,Malacca
Pulau Pinang,Negeri Sembilan,2016,70.24361032322871,actual,Penang,Negeri Sembilan
Pulau Pinang,Pahang,2016,58.60958356709739,actual,Penang,Pahang
Pulau Pinang,Pulau Pinang,2016,171.6776546841604,actual,Penang,Penang
Pulau Pinang,Perak,2016,351.6204502136878,actual,Penang,Perak
Pulau Pinang,Perlis,2016,38.57674980195504,actual,Penang,Perlis
Pulau Pinang,Selangor,2016,186.1071915262855,actual,Penang,Selangor
Pulau Pinang,Terengganu,2016,29.73121143632072,actual,Penang,Terengganu
Pulau Pinang,Sabah,2016,13.42265279579546,actual,Penang,Sabah
Pulau Pinang,Sarawak,2016,20.45694417315061,actual,Penang,Sarawak
Pulau Pinang,W.P. Kuala Lumpur,2016,230.9560202525635,actual,Penang,Kuala Lumpur
Pulau Pinang,W.P. Labuan,2016,4.548060948203076,actual,Penang,Labuan
Pulau Pinang,W.P. Putrajaya,2016,0.0,actual,Penang,Putrajaya
Perak,Johor,2016,116.9362384403018,actual,Perak,Johor
Perak,Kedah,2016,254.3090056623635,actual,Perak,Kedah
Perak,Kelantan,2016,139.6377153655772,actual,Perak,Kelantan
Perak,Melaka,2016,43.71471431946513,actual,Perak,Malacca
Perak,Negeri Sembilan,2016,157.1680338040505,actual,Perak,Negeri Sembilan
Perak,Pahang,2016,530.8987120108015,actual,Perak,Pahang
Perak,Pulau Pinang,2016,334.3906694553543,actual,Perak,Penang
Perak,Perak,2016,1442.684005478265,actual,Perak,Perak
Perak,Perlis,2016,92.19258653566968,actual,Perak,Perlis
Perak,Selangor,2016,597.8508522945631,actual,Perak,Selangor
Perak,Terengganu,2016,136.3233944928896,actual,Perak,Terengganu
Perak,Sabah,2016,38.22050984831729,actual,Perak,Sabah
Perak,Sarawak,2016,85.43472883965256,actual,Perak,Sarawak
Perak,W.P. Kuala Lumpur,2016,584.2152105351289,actual,Perak,Kuala Lumpur
Perak,W.P. Labuan,2016,21.84978385171649,actual,Perak,Labuan
Perak,W.P. Putrajaya,2016,27.09901206588545,actual,Perak,Putrajaya
Perlis,Johor,2016,10.24099770028572,actual,Perlis,Johor
Perlis,Kedah,2016,147.6921560793222,actual,Perlis,Kedah
Perlis,Kelantan,2016,11.16142436525792,actual,Perlis,Kelantan
Perlis,Melaka,2016,7.12131438791801,actual,Perlis,Malacca
Perlis,Negeri Sembilan,2016,12.14214159230579,actual,Perlis,Negeri Sembilan
Perlis,Pahang,2016,3.901284812092427,actual,Perlis,Pahang
Perlis,Pulau Pinang,2016,85.93267598542447,actual,Perlis,Penang
Perlis,Perak,2016,22.81054741232482,actual,Perlis,Perak
Perlis,Perlis,2016,11.73082593098433,actual,Perlis,Perlis
Perlis,Selangor,2016,16.01144923165494,actual,Perlis,Selangor
Perlis,Terengganu,2016,6.898000512657261,actual,Perlis,Terengganu
Perlis,Sabah,2016,23.69790606461212,actual,Perlis,Sabah
Perlis,Sarawak,2016,12.7681347009519,actual,Perlis,Sarawak
Perlis,W.P. Kuala Lumpur,2016,43.21652536326401,actual,Perlis,Kuala Lumpur
Perlis,W.P. Labuan,2016,0.0,actual,Perlis,Labuan
Perlis,W.P. Putrajaya,2016,1.554391860943938,actual,Perlis,Putrajaya
Selangor,Johor,2016,2278.059132820932,actual,Selangor,Johor
Selangor,Kedah,2016,1295.076453764822,actual,Selangor,Kedah
Selangor,Kelantan,2016,723.9327126014931,actual,Selangor,Kelantan
Selangor,Melaka,2016,1488.028323339463,actual,Selangor,Malacca
Selangor,Negeri Sembilan,2016,1759.61197445013,actual,Selangor,Negeri Sembilan
Selangor,Pahang,2016,1846.468239097683,actual,Selangor,Pahang
Selangor,Pulau Pinang,2016,1252.501704008109,actual,Selangor,Penang
Selangor,Perak,2016,2431.867818998844,actual,Selangor,Perak
Selangor,Perlis,2016,180.6800131675087,actual,Selangor,Perlis
Selangor,Selangor,2016,970.6645062523037,actual,Selangor,Selangor
Selangor,Terengganu,2016,816.1066134488422,actual,Selangor,Terengganu
Selangor,Sabah,2016,158.5,actual,Selangor,Sabah
Selangor,Sarawak,2016,184.6890111276983,actual,Selangor,Sarawak
Selangor,W.P. Kuala Lumpur,2016,90.22895976487587,actual,Selangor,Kuala Lumpur
Selangor,W.P. Labuan,2016,44.5,actual,Selangor,Labuan
Selangor,W.P. Putrajaya,2016,0.0,actual,Selangor,Putrajaya
Terengganu,Johor,2016,126.4290803513318,actual,Terengganu,Johor
Terengganu,Kedah,2016,104.980260054152,actual,Terengganu,Kedah
Terengganu,Kelantan,2016,768.1439809984397,actual,Terengganu,Kelantan
Terengganu,Melaka,2016,56.01481271281347,actual,Terengganu,Malacca
Terengganu,Negeri Sembilan,2016,73.84696942537758,actual,Terengganu,Negeri Sembilan
Terengganu,Pahang,2016,618.0009764874651,actual,Terengganu,Pahang
Terengganu,Pulau Pinang,2016,59.76548558966996,actual,Terengganu,Penang
Terengganu,Perak,2016,69.72963203262071,actual,Terengganu,Perak
Terengganu,Perlis,2016,39.07344609785549,actual,Terengganu,Perlis
Terengganu,Selangor,2016,210.8310311477526,actual,Terengganu,Selangor
Terengganu,Terengganu,2016,1675.238786734735,actual,Terengganu,Terengganu
Terengganu,Sabah,2016,6.763301433952378,actual,Terengganu,Sabah
Terengganu,Sarawak,2016,2.006375627117949,actual,Terengganu,Sarawak
Terengganu,W.P. Kuala Lumpur,2016,324.4167032367227,actual,Terengganu,Kuala Lumpur
Terengganu,W.P. Labuan,2016,3.39803423455903,actual,Terengganu,Labuan
Terengganu,W.P. Putrajaya,2016,52.5896124354185,actual,Terengganu,Putrajaya
Sabah,Johor,2016,61.37226788263389,actual,Sabah,Johor
Sabah,Kedah,2016,19.24918679185093,actual,Sabah,Kedah
Sabah,Kelantan,2016,11.58388663622848,actual,Sabah,Kelantan
Sabah,Melaka,2016,3.238721070554589,actual,Sabah,Malacca
Sabah,Negeri Sembilan,2016,7.978912270809435,actual,Sabah,Negeri Sembilan
Sabah,Pahang,2016,11.74325899693266,actual,Sabah,Pahang
Sabah,Pulau Pinang,2016,20.69127023879003,actual,Sabah,Penang
Sabah,Perak,2016,9.563826495768549,actual,Sabah,Perak
Sabah,Perlis,2016,8.111180596118178,actual,Sabah,Perlis
Sabah,Selangor,2016,113.4380837594982,actual,Sabah,Selangor
Sabah,Terengganu,2016,321.2135763456731,actual,Sabah,Terengganu
Sabah,Sabah,2016,3156.631561109628,actual,Sabah,Sabah
Sabah,Sarawak,2016,31.64679579945777,actual,Sabah,Sarawak
Sabah,W.P. Kuala Lumpur,2016,51.44212204859174,actual,Sabah,Kuala Lumpur
Sabah,W.P. Labuan,2016,78.000468609455,actual,Sabah,Labuan
Sabah,W.P. Putrajaya,2016,42.37022774801021,actual,Sabah,Putrajaya
Sarawak,Johor,2016,74.62631253756832,actual,Sarawak,Johor
Sarawak,Kedah,2016,26.59305295724198,actual,Sarawak,Kedah
Sarawak,Kelantan,2016,58.84946712511664,actual,Sarawak,Kelantan
Sarawak,Melaka,2016,19.6282450180885,actual,Sarawak,Malacca
Sarawak,Negeri Sembilan,2016,8.841935269220357,actual,Sarawak,Negeri Sembilan
Sarawak,Pahang,2016,25.36404351004703,actual,Sarawak,Pahang
Sarawak,Pulau Pinang,2016,29.31908047580124,actual,Sarawak,Penang
Sarawak,Perak,2016,12.62338335371385,actual,Sarawak,Perak
Sarawak,Perlis,2016,3.462547875646164,actual,Sarawak,Perlis
Sarawak,Selangor,2016,27.05651316489682,actual,Sarawak,Selangor
Sarawak,Terengganu,2016,13.20730922872903,actual,Sarawak,Terengganu
Sarawak,Sabah,2016,160.3298904704737,actual,Sarawak,Sabah
Sarawak,Sarawak,2016,4227.156934445614,actual,Sarawak,Sarawak
Sarawak,W.P. Kuala Lumpur,2016,144.4653074218359,actual,Sarawak,Kuala Lumpur
Sarawak,W.P. Labuan,2016,10.49371249499019,actual,Sarawak,Labuan
Sarawak,W.P. Putrajaya,2016,21.60426275101104,actual,Sarawak,Putrajaya
W.P. Kuala Lumpur,Johor,2016,777.8205533312689,actual,Kuala Lumpur,Johor
W.P. Kuala Lumpur,Kedah,2016,504.7957067594355,actual,Kuala Lumpur,Kedah
W.P. Kuala Lumpur,Kelantan,2016,207.8256339911466,actual,Kuala Lumpur,Kelantan
W.P. Kuala Lumpur,Melaka,2016,736.6536921123663,actual,Kuala Lumpur,Malacca
W.P. Kuala Lumpur,Negeri Sembilan,2016,938.1052788543343,actual,Kuala Lumpur,Negeri Sembilan
W.P. Kuala Lumpur,Pahang,2016,585.8441652839737,actual,Kuala Lumpur,Pahang
W.P. Kuala Lumpur,Pulau Pinang,2016,239.3160973506124,actual,Kuala Lumpur,Penang
W.P. Kuala Lumpur,Perak,2016,1410.739754283183,actual,Kuala Lumpur,Perak
W.P. Kuala Lumpur,Perlis,2016,18.44009904035717,actual,Kuala Lumpur,Perlis
W.P. Kuala Lumpur,Selangor,2016,371.4324518802135,actual,Kuala Lumpur,Selangor
W.P. Kuala Lumpur,Terengganu,2016,150.0785846660785,actual,Kuala Lumpur,Terengganu
W.P. Kuala Lumpur,Sabah,2016,60.16228443486671,actual,Kuala Lumpur,Sabah
W.P. Kuala Lumpur,Sarawak,2016,65.40777433249754,actual,Kuala Lumpur,Sarawak
W.P. Kuala Lumpur,W.P. Kuala Lumpur,2016,1.707890141507352,actual,Kuala Lumpur,Kuala Lumpur
W.P. Kuala Lumpur,W.P. Labuan,2016,9.551050728962785,actual,Kuala Lumpur,Labuan
W.P. Kuala Lumpur,W.P. Putrajaya,2016,1.633349409203736,actual,Kuala Lumpur,Putrajaya
W.P. Labuan,Johor,2016,0.8178753932025387,actual,Labuan,Johor
W.P. Labuan,Kedah,2016,3.891723745988746,actual,Labuan,Kedah
W.P. Labuan,Kelantan,2016,0.3271501572810155,actual,Labuan,Kelantan
W.P. Labuan,Melaka,2016,2.115832626069931,actual,Labuan,Malacca
W.P. Labuan,Negeri Sembilan,2016,0.6300530553630886,actual,Labuan,Negeri Sembilan
W.P. Labuan,Pahang,2016,5.13247578129921,actual,Labuan,Pahang
W.P. Labuan,Pulau Pinang,2016,0.3213251015486679,actual,Labuan,Penang
W.P. Labuan,Perak,2016,3.993037549137361,actual,Labuan,Perak
W.P. Labuan,Perlis,2016,0.3140222583316528,actual,Labuan,Perlis
W.P. Labuan,Selangor,2016,4.487926613946501,actual,Labuan,Selangor
W.P. Labuan,Terengganu,2016,0.3140222583316528,actual,Labuan,Terengganu
W.P. Labuan,Sabah,2016,178.9568021076691,actual,Labuan,Sabah
W.P. Labuan,Sarawak,2016,1.636638143736155,actual,Labuan,Sarawak
W.P. Labuan,W.P. Kuala Lumpur,2016,55.52681448490291,actual,Labuan,Kuala Lumpur
W.P. Labuan,W.P. Labuan,2016,1.181024668845573,actual,Labuan,Labuan
W.P. Labuan,W.P. Putrajaya,2016,0.7121360543459508,actual,Labuan,Putrajaya
W.P. Putrajaya,Johor,2016,30.08972018298512,actual,Putrajaya,Johor
W.P. Putrajaya,Kedah,2016,49.91877744619173,actual,Putrajaya,Kedah
W.P. Putrajaya,Kelantan,2016,24.10253265655337,actual,Putrajaya,Kelantan
W.P. Putrajaya,Melaka,2016,61.01906174483084,actual,Putrajaya,Malacca
W.P. Putrajaya,Negeri Sembilan,2016,93.11275786270899,actual,Putrajaya,Negeri Sembilan
W.P. Putrajaya,Pahang,2016,22.1490926529799,actual,Putrajaya,Pahang
W.P. Putrajaya,Pulau Pinang,2016,1.001964522942293,actual,Putrajaya,Penang
W.P. Putrajaya,Perak,2016,104.6018167928104,actual,Putrajaya,Perak
W.P. Putrajaya,Perlis,2016,1.713523088511275,actual,Putrajaya,Perlis
W.P. Putrajaya,Selangor,2016,16.77217673545517,actual,Putrajaya,Selangor
W.P. Putrajaya,Terengganu,2016,11.71397061819257,actual,Putrajaya,Terengganu
W.P. Putrajaya,Sabah,2016,1.230473267823832,actual,Putrajaya,Sabah
W.P. Putrajaya,Sarawak,2016,6.721602622940699,actual,Putrajaya,Sarawak
W.P. Putrajaya,W.P. Kuala Lumpur,2016,3.610555614930425,actual,Putrajaya,Kuala Lumpur
W.P. Putrajaya,W.P. Labuan,2016,1.290622190143738,actual,Putrajaya,Labuan
W.P. Putrajaya,W.P. Putrajaya,2016,0.0,actual,Putrajaya,Putrajaya
Johor,Johor,2017,2582.618781137349,actual,Johor,Johor
Johor,Kedah,2017,126.1994627430286,actual,Johor,Kedah
Johor,Kelantan,2017,96.11675263396968,actual,Johor,Kelantan
Johor,Melaka,2017,314.2027737526597,actual,Johor,Malacca
Johor,Negeri Sembilan,2017,217.5337700757581,actual,Johor,Negeri Sembilan
Johor,Pahang,2017,412.3132784618674,actual,Johor,Pahang
Johor,Pulau Pinang,2017,83.03596569492589,actual,Johor,Penang
Johor,Perak,2017,303.319283232029,actual,Johor,Perak
Johor,Perlis,2017,9.048056687281614,actual,Johor,Perlis
Johor,Selangor,2017,393.645518012891,actual,Johor,Selangor
Johor,Terengganu,2017,150.8919551879202,actual,Johor,Terengganu
Johor,Sabah,2017,32.05866955000611,actual,Johor,Sabah
Johor,Sarawak,2017,52.82834359805036,actual,Johor,Sarawak
Johor,W.P. Kuala Lumpur,2017,567.0214613521734,actual,Johor,Kuala Lumpur
Johor,W.P. Labuan,2017,3.507969480166068,actual,Johor,Labuan
Johor,W.P. Putrajaya,2017,8.787697399925811,actual,Johor,Putrajaya
Kedah,Johor,2017,10.14370408916108,actual,Kedah,Johor
Kedah,Kedah,2017,1328.071299885484,actual,Kedah,Kedah
Kedah,Kelantan,2017,69.771142099814,actual,Kedah,Kelantan
Kedah,Melaka,2017,119.1497285948153,actual,Kedah,Malacca
Kedah,Negeri Sembilan,2017,51.74263377076046,actual,Kedah,Negeri Sembilan
Kedah,Pahang,2017,124.9694456944115,actual,Kedah,Pahang
Kedah,Pulau Pinang,2017,173.9976735074834,actual,Kedah,Penang
Kedah,Perak,2017,385.6196983191384,actual,Kedah,Perak
Kedah,Perlis,2017,191.3434722315745,actual,Kedah,Perlis
Kedah,Selangor,2017,255.2236137169279,actual,Kedah,Selangor
Kedah,Terengganu,2017,4.651246669728193,actual,Kedah,Terengganu
Kedah,Sabah,2017,15.82333672273362,actual,Kedah,Sabah
Kedah,Sarawak,2017,2.531640198602984,actual,Kedah,Sarawak
Kedah,W.P. Kuala Lumpur,2017,446.1731417638855,actual,Kedah,Kuala Lumpur
Kedah,W.P. Labuan,2017,2.364213901032425,actual,Kedah,Labuan
Kedah,W.P. Putrajaya,2017,68.00907983444618,actual,Kedah,Putrajaya
Kelantan,Johor,2017,118.0213654785651,actual,Kelantan,Johor
Kelantan,Kedah,2017,121.3999813288746,actual,Kelantan,Kedah
Kelantan,Kelantan,2017,1517.019273334418,actual,Kelantan,Kelantan
Kelantan,Melaka,2017,68.0332913293622,actual,Kelantan,Malacca
Kelantan,Negeri Sembilan,2017,135.8812945768511,actual,Kelantan,Negeri Sembilan
Kelantan,Pahang,2017,175.9534639801737,actual,Kelantan,Pahang
Kelantan,Pulau Pinang,2017,82.26273296636815,actual,Kelantan,Penang
Kelantan,Perak,2017,144.4259515082319,actual,Kelantan,Perak
Kelantan,Perlis,2017,30.58786393626928,actual,Kelantan,Perlis
Kelantan,Selangor,2017,395.2563963844279,actual,Kelantan,Selangor
Kelantan,Terengganu,2017,325.7979525126483,actual,Kelantan,Terengganu
Kelantan,Sabah,2017,17.58108119300321,actual,Kelantan,Sabah
Kelantan,Sarawak,2017,76.92678066263773,actual,Kelantan,Sarawak
Kelantan,W.P. Kuala Lumpur,2017,314.6583566533139,actual,Kelantan,Kuala Lumpur
Kelantan,W.P. Labuan,2017,20.72897772158244,actual,Kelantan,Labuan
Kelantan,W.P. Putrajaya,2017,50.73823643327251,actual,Kelantan,Putrajaya
Melaka,Johor,2017,808.8939105345526,actual,Malacca,Johor
Melaka,Kedah,2017,15.34603293240412,actual,Malacca,Kedah
Melaka,Kelantan,2017,28.04623552830168,actual,Malacca,Kelantan
Melaka,Melaka,2017,205.6684794090773,actual,Malacca,Malacca
Melaka,Negeri Sembilan,2017,306.458164136965,actual,Malacca,Negeri Sembilan
Melaka,Pahang,2017,270.9636071431912,actual,Malacca,Pahang
Melaka,Pulau Pinang,2017,34.3680071126458,actual,Malacca,Penang
Melaka,Perak,2017,200.82084921168,actual,Malacca,Perak
Melaka,Perlis,2017,10.44699131532815,actual,Malacca,Perlis
Melaka,Selangor,2017,597.6076857334855,actual,Malacca,Selangor
Melaka,Terengganu,2017,104.193204460126,actual,Malacca,Terengganu
Melaka,Sabah,2017,4.879618967195528,actual,Malacca,Sabah
Melaka,Sarawak,2017,9.466031916126669,actual,Malacca,Sarawak
Melaka,W.P. Kuala Lumpur,2017,163.3706782661527,actual,Malacca,Kuala Lumpur
Melaka,W.P. Labuan,2017,4.095129726646269,actual,Malacca,Labuan
Melaka,W.P. Putrajaya,2017,8.654322606120642,actual,Malacca,Putrajaya
Negeri Sembilan,Johor,2017,516.9092892294375,actual,Negeri Sembilan,Johor
Negeri Sembilan,Kedah,2017,213.9291932110388,actual,Negeri Sembilan,Kedah
Negeri Sembilan,Kelantan,2017,164.809707625288,actual,Negeri Sembilan,Kelantan
Negeri Sembilan,Melaka,2017,225.714302794418,actual,Negeri Sembilan,Malacca
Negeri Sembilan,Negeri Sembilan,2017,2034.937979887787,actual,Negeri Sembilan,Negeri Sembilan
Negeri Sembilan,Pahang,2017,192.7884277857662,actual,Negeri Sembilan,Pahang
Negeri Sembilan,Pulau Pinang,2017,93.89714801181506,actual,Negeri Sembilan,Penang
Negeri Sembilan,Perak,2017,239.6612816293307,actual,Negeri Sembilan,Perak
Negeri Sembilan,Perlis,2017,87.45704256299868,actual,Negeri Sembilan,Perlis
Negeri Sembilan,Selangor,2017,408.3084600360645,actual,Negeri Sembilan,Selangor
Negeri Sembilan,Terengganu,2017,60.74624160264012,actual,Negeri Sembilan,Terengganu
Negeri Sembilan,Sabah,2017,32.50236212145983,actual,Negeri Sembilan,Sabah
Negeri Sembilan,Sarawak,2017,20.44228029986108,actual,Negeri Sembilan,Sarawak
Negeri Sembilan,W.P. Kuala Lumpur,2017,222.0973645039257,actual,Negeri Sembilan,Kuala Lumpur
Negeri Sembilan,W.P. Labuan,2017,8.374994959257991,actual,Negeri Sembilan,Labuan
Negeri Sembilan,W.P. Putrajaya,2017,50.65120173891214,actual,Negeri Sembilan,Putrajaya
Pahang,Johor,2017,507.2387320432098,actual,Pahang,Johor
Pahang,Kedah,2017,98.37846127478123,actual,Pahang,Kedah
Pahang,Kelantan,2017,403.2190160435179,actual,Pahang,Kelantan
Pahang,Melaka,2017,186.1993737965005,actual,Pahang,Malacca
Pahang,Negeri Sembilan,2017,209.3984186658611,actual,Pahang,Negeri Sembilan
Pahang,Pahang,2017,1980.950220943564,actual,Pahang,Pahang
Pahang,Pulau Pinang,2017,47.92516005495882,actual,Pahang,Penang
Pahang,Perak,2017,146.8927324919516,actual,Pahang,Perak
Pahang,Perlis,2017,40.92658425615033,actual,Pahang,Perlis
Pahang,Selangor,2017,501.3385079295126,actual,Pahang,Selangor
Pahang,Terengganu,2017,473.6737183084268,actual,Pahang,Terengganu
Pahang,Sabah,2017,20.39954971275584,actual,Pahang,Sabah
Pahang,Sarawak,2017,140.8328492266008,actual,Pahang,Sarawak
Pahang,W.P. Kuala Lumpur,2017,352.0144079391242,actual,Pahang,Kuala Lumpur
Pahang,W.P. Labuan,2017,5.516511782402413,actual,Pahang,Labuan
Pahang,W.P. Putrajaya,2017,43.49317453068225,actual,Pahang,Putrajaya
Pulau Pinang,Johor,2017,122.8946340825625,actual,Penang,Johor
Pulau Pinang,Kedah,2017,753.5014311559167,actual,Penang,Kedah
Pulau Pinang,Kelantan,2017,94.84578496724613,actual,Penang,Kelantan
Pulau Pinang,Melaka,2017,30.9171878683423,actual,Penang,Malacca
Pulau Pinang,Negeri Sembilan,2017,29.52916374289751,actual,Penang,Negeri Sembilan
Pulau Pinang,Pahang,2017,138.6720422233059,actual,Penang,Pahang
Pulau Pinang,Pulau Pinang,2017,371.4579009786777,actual,Penang,Penang
Pulau Pinang,Perak,2017,456.2240589045819,actual,Penang,Perak
Pulau Pinang,Perlis,2017,72.43501481236876,actual,Penang,Perlis
Pulau Pinang,Selangor,2017,95.83525146353107,actual,Penang,Selangor
Pulau Pinang,Terengganu,2017,26.32176707795568,actual,Penang,Terengganu
Pulau Pinang,Sabah,2017,8.185250354415624,actual,Penang,Sabah
Pulau Pinang,Sarawak,2017,14.16372673715758,actual,Penang,Sarawak
Pulau Pinang,W.P. Kuala Lumpur,2017,101.0884983674698,actual,Penang,Kuala Lumpur
Pulau Pinang,W.P. Labuan,2017,8.250974539502103,actual,Penang,Labuan
Pulau Pinang,W.P. Putrajaya,2017,8.83365772406802,actual,Penang,Putrajaya
Perak,Johor,2017,202.4935537716355,actual,Perak,Johor
Perak,Kedah,2017,633.193012772844,actual,Perak,Kedah
Perak,Kelantan,2017,202.1863127304166,actual,Perak,Kelantan
Perak,Melaka,2017,159.3818955595253,actual,Perak,Malacca
Perak,Negeri Sembilan,2017,89.29941549653078,actual,Perak,Negeri Sembilan
Perak,Pahang,2017,556.6508317382828,actual,Perak,Pahang
Perak,Pulau Pinang,2017,580.1499718593228,actual,Perak,Penang
Perak,Perak,2017,1950.768678258079,actual,Perak,Perak
Perak,Perlis,2017,64.60992956638748,actual,Perak,Perlis
Perak,Selangor,2017,704.0967955649742,actual,Perak,Selangor
Perak,Terengganu,2017,98.45051187343034,actual,Perak,Terengganu
Perak,Sabah,2017,7.100201349786872,actual,Perak,Sabah
Perak,Sarawak,2017,57.59272650382312,actual,Perak,Sarawak
Perak,W.P. Kuala Lumpur,2017,512.9741277321679,actual,Perak,Kuala Lumpur
Perak,W.P. Labuan,2017,13.77443839638987,actual,Perak,Labuan
Perak,W.P. Putrajaya,2017,17.90714282640449,actual,Perak,Putrajaya
Perlis,Johor,2017,7.142692104897093,actual,Perlis,Johor
Perlis,Kedah,2017,74.42756109610225,actual,Perlis,Kedah
Perlis,Kelantan,2017,27.08511066320952,actual,Perlis,Kelantan
Perlis,Melaka,2017,5.410207373639528,actual,Perlis,Malacca
Perlis,Negeri Sembilan,2017,3.912130985527978,actual,Perlis,Negeri Sembilan
Perlis,Pahang,2017,14.13623003229754,actual,Perlis,Pahang
Perlis,Pulau Pinang,2017,22.33469456263764,actual,Perlis,Penang
Perlis,Perak,2017,37.22340687890721,actual,Perlis,Perak
Perlis,Perlis,2017,14.10364695088642,actual,Perlis,Perlis
Perlis,Selangor,2017,26.29467012859291,actual,Perlis,Selangor
Perlis,Terengganu,2017,6.186700339497035,actual,Perlis,Terengganu
Perlis,Sabah,2017,2.155049479858141,actual,Perlis,Sabah
Perlis,Sarawak,2017,2.142602180556204,actual,Perlis,Sarawak
Perlis,W.P. Kuala Lumpur,2017,24.11792646570856,actual,Perlis,Kuala Lumpur
Perlis,W.P. Labuan,2017,0.9966758240870228,actual,Perlis,Labuan
Perlis,W.P. Putrajaya,2017,2.388264933595015,actual,Perlis,Putrajaya
Selangor,Johor,2017,1634.596196550726,actual,Selangor,Johor
Selangor,Kedah,2017,1112.406174021172,actual,Selangor,Kedah
Selangor,Kelantan,2017,1132.228558095856,actual,Selangor,Kelantan
Selangor,Melaka,2017,1779.380690646542,actual,Selangor,Malacca
Selangor,Negeri Sembilan,2017,1236.320602932512,actual,Selangor,Negeri Sembilan
Selangor,Pahang,2017,1831.99044968409,actual,Selangor,Pahang
Selangor,Pulau Pinang,2017,1152.31616373565,actual,Selangor,Penang
Selangor,Perak,2017,2537.255179553827,actual,Selangor,Perak
Selangor,Perlis,2017,115.8377149383509,actual,Selangor,Perlis
Selangor,Selangor,2017,2182.628847003981,actual,Selangor,Selangor
Selangor,Terengganu,2017,844.6533387521034,actual,Selangor,Terengganu
Selangor,Sabah,2017,738.8253618503595,actual,Selangor,Sabah
Selangor,Sarawak,2017,770.6084282432859,actual,Selangor,Sarawak
Selangor,W.P. Kuala Lumpur,2017,135.7026772639721,actual,Selangor,Kuala Lumpur
Selangor,W.P. Labuan,2017,22.04363913863056,actual,Selangor,Labuan
Selangor,W.P. Putrajaya,2017,211.3322385889413,actual,Selangor,Putrajaya
Terengganu,Johor,2017,120.9686771584993,actual,Terengganu,Johor
Terengganu,Kedah,2017,70.5791211853935,actual,Terengganu,Kedah
Terengganu,Kelantan,2017,764.2156271661189,actual,Terengganu,Kelantan
Terengganu,Melaka,2017,77.32001511387482,actual,Terengganu,Malacca
Terengganu,Negeri Sembilan,2017,59.77221426217596,actual,Terengganu,Negeri Sembilan
Terengganu,Pahang,2017,433.3441661293367,actual,Terengganu,Pahang
Terengganu,Pulau Pinang,2017,10.32606958149218,actual,Terengganu,Penang
Terengganu,Perak,2017,95.03653782967419,actual,Terengganu,Perak
Terengganu,Perlis,2017,31.87604891026756,actual,Terengganu,Perlis
Terengganu,Selangor,2017,283.0155282552839,actual,Terengganu,Selangor
Terengganu,Terengganu,2017,1979.485095286291,actual,Terengganu,Terengganu
Terengganu,Sabah,2017,11.11702460029635,actual,Terengganu,Sabah
Terengganu,Sarawak,2017,14.08886139680334,actual,Terengganu,Sarawak
Terengganu,W.P. Kuala Lumpur,2017,330.0085034829226,actual,Terengganu,Kuala Lumpur
Terengganu,W.P. Labuan,2017,7.044430698401671,actual,Terengganu,Labuan
Terengganu,W.P. Putrajaya,2017,51.82728694316691,actual,Terengganu,Putrajaya
Sabah,Johor,2017,22.22645209750205,actual,Sabah,Johor
Sabah,Kedah,2017,8.435765633619805,actual,Sabah,Kedah
Sabah,Kelantan,2017,12.947376437832,actual,Sabah,Kelantan
Sabah,Melaka,2017,26.57407634471415,actual,Sabah,Malacca
Sabah,Negeri Sembilan,2017,10.73526187056422,actual,Sabah,Negeri Sembilan
Sabah,Pahang,2017,18.66800000434076,actual,Sabah,Pahang
Sabah,Pulau Pinang,2017,19.77246016028394,actual,Sabah,Penang
Sabah,Perak,2017,16.78239203150253,actual,Sabah,Perak
Sabah,Perlis,2017,5.456800001268836,actual,Sabah,Perlis
Sabah,Selangor,2017,17.99382104402073,actual,Sabah,Selangor
Sabah,Terengganu,2017,7.188099317560904,actual,Sabah,Terengganu
Sabah,Sabah,2017,2973.363609825953,actual,Sabah,Sabah
Sabah,Sarawak,2017,40.16989146231032,actual,Sabah,Sarawak
Sabah,W.P. Kuala Lumpur,2017,24.01032763191323,actual,Sabah,Kuala Lumpur
Sabah,W.P. Labuan,2017,39.78420407124461,actual,Sabah,Labuan
Sabah,W.P. Putrajaya,2017,15.56920706536982,actual,Sabah,Putrajaya
Sarawak,Johor,2017,20.82676931287175,actual,Sarawak,Johor
Sarawak,Kedah,2017,20.08851179072978,actual,Sarawak,Kedah
Sarawak,Kelantan,2017,73.83823087521574,actual,Sarawak,Kelantan
Sarawak,Melaka,2017,73.83823087521574,actual,Sarawak,Malacca
Sarawak,Negeri Sembilan,2017,73.83823087521574,actual,Sarawak,Negeri Sembilan
Sarawak,Pahang,2017,73.83823087521574,actual,Sarawak,Pahang
Sarawak,Pulau Pinang,2017,24.11084720251023,actual,Sarawak,Penang
Sarawak,Perak,2017,73.83823087521574,actual,Sarawak,Perak
Sarawak,Perlis,2017,4.419771904613226,actual,Sarawak,Perlis
Sarawak,Selangor,2017,92.42150454985112,actual,Sarawak,Selangor
Sarawak,Terengganu,2017,73.83823087521574,actual,Sarawak,Terengganu
Sarawak,Sabah,2017,227.899450483841,actual,Sarawak,Sabah
Sarawak,Sarawak,2017,3048.96849476347,actual,Sarawak,Sarawak
Sarawak,W.P. Kuala Lumpur,2017,253.971537088097,actual,Sarawak,Kuala Lumpur
Sarawak,W.P. Labuan,2017,22.3076363824835,actual,Sarawak,Labuan
Sarawak,W.P. Putrajaya,2017,9.459081270238023,actual,Sarawak,Putrajaya
W.P. Kuala Lumpur,Johor,2017,800.2220380590518,actual,Kuala Lumpur,Johor
W.P. Kuala Lumpur,Kedah,2017,303.0474332902123,actual,Kuala Lumpur,Kedah
W.P. Kuala Lumpur,Kelantan,2017,368.8495916516147,actual,Kuala Lumpur,Kelantan
W.P. Kuala Lumpur,Melaka,2017,633.3797996247542,actual,Kuala Lumpur,Malacca
W.P. Kuala Lumpur,Negeri Sembilan,2017,845.0302131968002,actual,Kuala Lumpur,Negeri Sembilan
W.P. Kuala Lumpur,Pahang,2017,1441.2520924828,actual,Kuala Lumpur,Pahang
W.P. Kuala Lumpur,Pulau Pinang,2017,406.623147285803,actual,Kuala Lumpur,Penang
W.P. Kuala Lumpur,Perak,2017,1002.636264967522,actual,Kuala Lumpur,Perak
W.P. Kuala Lumpur,Perlis,2017,76.15867954017243,actual,Kuala Lumpur,Perlis
W.P. Kuala Lumpur,Selangor,2017,821.8186613167829,actual,Kuala Lumpur,Selangor
W.P. Kuala Lumpur,Terengganu,2017,308.1968256174235,actual,Kuala Lumpur,Terengganu
W.P. Kuala Lumpur,Sabah,2017,206.8883339933619,actual,Kuala Lumpur,Sabah
W.P. Kuala Lumpur,Sarawak,2017,169.737683059062,actual,Kuala Lumpur,Sarawak
W.P. Kuala Lumpur,W.P. Kuala Lumpur,2017,96.28205150594458,actual,Kuala Lumpur,Kuala Lumpur
W.P. Kuala Lumpur,W.P. Labuan,2017,56.27645485588453,actual,Kuala Lumpur,Labuan
W.P. Kuala Lumpur,W.P. Putrajaya,2017,28.35280055281055,actual,Kuala Lumpur,Putrajaya
W.P. Labuan,Johor,2017,9.28016373440584,actual,Labuan,Johor
W.P. Labuan,Kedah,2017,0.8381111812901699,actual,Labuan,Kedah
W.P. Labuan,Kelantan,2017,0.8381111812901699,actual,Labuan,Kelantan
W.P. Labuan,Melaka,2017,2.455293639815705,actual,Labuan,Malacca
W.P. Labuan,Negeri Sembilan,2017,2.424990891944978,actual,Labuan,Negeri Sembilan
W.P. Labuan,Pahang,2017,1.390007394169747,actual,Labuan,Pahang
W.P. Labuan,Pulau Pinang,2017,6.857221186187935,actual,Labuan,Penang
W.P. Labuan,Perak,2017,5.311719862664605,actual,Labuan,Perak
W.P. Labuan,Perlis,2017,2.000617485854606,actual,Labuan,Perlis
W.P. Labuan,Selangor,2017,3.005990515594856,actual,Labuan,Selangor
W.P. Labuan,Terengganu,2017,1.526456923150874,actual,Labuan,Terengganu
W.P. Labuan,Sabah,2017,137.35291477555,actual,Labuan,Sabah
W.P. Labuan,Sarawak,2017,17.06125666662064,actual,Labuan,Sarawak
W.P. Labuan,W.P. Kuala Lumpur,2017,8.04123426177546,actual,Labuan,Kuala Lumpur
W.P. Labuan,W.P. Labuan,2017,20.72250345652769,actual,Labuan,Labuan
W.P. Labuan,W.P. Putrajaya,2017,5.354751843156767,actual,Labuan,Putrajaya
W.P. Putrajaya,Johor,2017,60.67813101684077,actual,Putrajaya,Johor
W.P. Putrajaya,Kedah,2017,49.7466123255216,actual,Putrajaya,Kedah
W.P. Putrajaya,Kelantan,2017,25.94051551536969,actual,Putrajaya,Kelantan
W.P. Putrajaya,Melaka,2017,34.02330282480054,actual,Putrajaya,Malacca
W.P. Putrajaya,Negeri Sembilan,2017,37.34528717309955,actual,Putrajaya,Negeri Sembilan
W.P. Putrajaya,Pahang,2017,35.36207105500339,actual,Putrajaya,Pahang
W.P. Putrajaya,Pulau Pinang,2017,7.825650883485603,actual,Putrajaya,Penang
W.P. Putrajaya,Perak,2017,43.98138143403155,actual,Putrajaya,Perak
W.P. Putrajaya,Perlis,2017,7.814738680612179,actual,Putrajaya,Perlis
W.P. Putrajaya,Selangor,2017,35.57777798287687,actual,Putrajaya,Selangor
W.P. Putrajaya,Terengganu,2017,18.03119412454146,actual,Putrajaya,Terengganu
W.P. Putrajaya,Sabah,2017,4.549280098604397,actual,Putrajaya,Sabah
W.P. Putrajaya,Sarawak,2017,3.422972751478514,actual,Putrajaya,Sarawak
W.P. Putrajaya,W.P. Kuala Lumpur,2017,6.171187826056059,actual,Putrajaya,Kuala Lumpur
W.P. Putrajaya,W.P. Labuan,2017,0.5589321953906801,actual,Putrajaya,Labuan
W.P. Putrajaya,W.P. Putrajaya,2017,0.8210611122871937,actual,Putrajaya,Putrajaya
Johor,Johor,2018,2497.497521759601,actual,Johor,Johor
Johor,Kedah,2018,90.15387334616872,actual,Johor,Kedah
Johor,Kelantan,2018,364.0057508147208,actual,Johor,Kelantan
Johor,Melaka,2018,820.9040821137636,actual,Johor,Malacca
Johor,Negeri Sembilan,2018,303.9212345588642,actual,Johor,Negeri Sembilan
Johor,Pahang,2018,528.9048391827025,actual,Johor,Pahang
Johor,Pulau Pinang,2018,85.37864544966054,actual,Johor,Penang
Johor,Perak,2018,223.5355150245916,actual,Johor,Perak
Johor,Perlis,2018,30.88552829181885,actual,Johor,Perlis
Johor,Selangor,2018,326.0285751204509,actual,Johor,Selangor
Johor,Terengganu,2018,209.1088350832885,actual,Johor,Terengganu
Johor,Sabah,2018,90.11705964242094,actual,Johor,Sabah
Johor,Sarawak,2018,55.64216351400138,actual,Johor,Sarawak
Johor,W.P. Kuala Lumpur,2018,671.2644426254191,actual,Johor,Kuala Lumpur
Johor,W.P. Labuan,2018,8.003553165716356,actual,Johor,Labuan
Johor,W.P. Putrajaya,2018,58.72916230681203,actual,Johor,Putrajaya
Kedah,Johor,2018,28.76705935243207,actual,Kedah,Johor
Kedah,Kedah,2018,1698.87766724467,actual,Kedah,Kedah
Kedah,Kelantan,2018,68.75724475791537,actual,Kedah,Kelantan
Kedah,Melaka,2018,35.39589587326997,actual,Kedah,Malacca
Kedah,Negeri Sembilan,2018,58.76409286898753,actual,Kedah,Negeri Sembilan
Kedah,Pahang,2018,93.53512279478683,actual,Kedah,Pahang
Kedah,Pulau Pinang,2018,262.9336688916899,actual,Kedah,Penang
Kedah,Perak,2018,498.4029605651671,actual,Kedah,Perak
Kedah,Perlis,2018,197.4468997669061,actual,Kedah,Perlis
Kedah,Selangor,2018,270.9209247983932,actual,Kedah,Selangor
Kedah,Terengganu,2018,174.2692171848936,actual,Kedah,Terengganu
Kedah,Sabah,2018,9.642223993377414,actual,Kedah,Sabah
Kedah,Sarawak,2018,3.120521186593287,actual,Kedah,Sarawak
Kedah,W.P. Kuala Lumpur,2018,254.5245116376074,actual,Kedah,Kuala Lumpur
Kedah,W.P. Labuan,2018,0.9985712533090667,actual,Kedah,Labuan
Kedah,W.P. Putrajaya,2018,49.42243382999987,actual,Kedah,Putrajaya
Kelantan,Johor,2018,37.69105,actual,Kelantan,Johor
Kelantan,Kedah,2018,109.7310839999999,actual,Kelantan,Kedah
Kelantan,Kelantan,2018,1039.754894999999,actual,Kelantan,Kelantan
Kelantan,Melaka,2018,699.5430710000002,actual,Kelantan,Malacca
Kelantan,Negeri Sembilan,2018,313.5666649999999,actual,Kelantan,Negeri Sembilan
Kelantan,Pahang,2018,139.2101399999999,actual,Kelantan,Pahang
Kelantan,Pulau Pinang,2018,207.630999,actual,Kelantan,Penang
Kelantan,Perak,2018,226.245943,actual,Kelantan,Perak
Kelantan,Perlis,2018,118.444248,actual,Kelantan,Perlis
Kelantan,Selangor,2018,245.418378,actual,Kelantan,Selangor
Kelantan,Terengganu,2018,311.6487119999999,actual,Kelantan,Terengganu
Kelantan,Sabah,2018,19.04797599999999,actual,Kelantan,Sabah
Kelantan,Sarawak,2018,14.459368,actual,Kelantan,Sarawak
Kelantan,W.P. Kuala Lumpur,2018,119.315007,actual,Kelantan,Kuala Lumpur
Kelantan,W.P. Labuan,2018,78.60135199999999,actual,Kelantan,Labuan
Kelantan,W.P. Putrajaya,2018,369.2552339999999,actual,Kelantan,Putrajaya
Melaka,Johor,2018,818.0787794285966,actual,Malacca,Johor
Melaka,Kedah,2018,39.57081430229337,actual,Malacca,Kedah
Melaka,Kelantan,2018,27.79569587905215,actual,Malacca,Kelantan
Melaka,Melaka,2018,198.4128779383895,actual,Malacca,Malacca
Melaka,Negeri Sembilan,2018,293.7028764899295,actual,Malacca,Negeri Sembilan
Melaka,Pahang,2018,230.9691057222539,actual,Malacca,Pahang
Melaka,Pulau Pinang,2018,39.46520092105099,actual,Malacca,Penang
Melaka,Perak,2018,297.289489726137,actual,Malacca,Perak
Melaka,Perlis,2018,15.04281163073647,actual,Malacca,Perlis
Melaka,Selangor,2018,564.6553033718006,actual,Malacca,Selangor
Melaka,Terengganu,2018,133.4428839977592,actual,Malacca,Terengganu
Melaka,Sabah,2018,25.13664738044835,actual,Malacca,Sabah
Melaka,Sarawak,2018,7.497426670457028,actual,Malacca,Sarawak
Melaka,W.P. Kuala Lumpur,2018,159.7964929717352,actual,Malacca,Kuala Lumpur
Melaka,W.P. Labuan,2018,9.684924964553373,actual,Malacca,Labuan
Melaka,W.P. Putrajaya,2018,8.32762660480059,actual,Malacca,Putrajaya
Negeri Sembilan,Johor,2018,279.2747594738968,actual,Negeri Sembilan,Johor
Negeri Sembilan,Kedah,2018,201.0778282265344,actual,Negeri Sembilan,Kedah
Negeri Sembilan,Kelantan,2018,106.0932701319757,actual,Negeri Sembilan,Kelantan
Negeri Sembilan,Melaka,2018,228.5228719297651,actual,Negeri Sembilan,Malacca
Negeri Sembilan,Negeri Sembilan,2018,2371.92705341682,actual,Negeri Sembilan,Negeri Sembilan
Negeri Sembilan,Pahang,2018,178.0678309423027,actual,Negeri Sembilan,Pahang
Negeri Sembilan,Pulau Pinang,2018,140.7736913032196,actual,Negeri Sembilan,Penang
Negeri Sembilan,Perak,2018,711.6100473996242,actual,Negeri Sembilan,Perak
Negeri Sembilan,Perlis,2018,100.8351317853873,actual,Negeri Sembilan,Perlis
Negeri Sembilan,Selangor,2018,391.7124638738081,actual,Negeri Sembilan,Selangor
Negeri Sembilan,Terengganu,2018,119.049784503791,actual,Negeri Sembilan,Terengganu
Negeri Sembilan,Sabah,2018,4.747266266761595,actual,Negeri Sembilan,Sabah
Negeri Sembilan,Sarawak,2018,25.847687990308,actual,Negeri Sembilan,Sarawak
Negeri Sembilan,W.P. Kuala Lumpur,2018,159.9657048926261,actual,Negeri Sembilan,Kuala Lumpur
Negeri Sembilan,W.P. Labuan,2018,1.003806143862831,actual,Negeri Sembilan,Labuan
Negeri Sembilan,W.P. Putrajaya,2018,5.019030719314153,actual,Negeri Sembilan,Putrajaya
Pahang,Johor,2018,657.653561847439,actual,Pahang,Johor
Pahang,Kedah,2018,93.75713869502266,actual,Pahang,Kedah
Pahang,Kelantan,2018,373.7138413915122,actual,Pahang,Kelantan
Pahang,Melaka,2018,140.079539034945,actual,Pahang,Malacca
Pahang,Negeri Sembilan,2018,121.1725201834711,actual,Pahang,Negeri Sembilan
Pahang,Pahang,2018,2310.548862337499,actual,Pahang,Pahang
Pahang,Pulau Pinang,2018,76.30558387886578,actual,Pahang,Penang
Pahang,Perak,2018,132.2848712092863,actual,Pahang,Perak
Pahang,Perlis,2018,34.89432188021539,actual,Pahang,Perlis
Pahang,Selangor,2018,342.8099231599679,actual,Pahang,Selangor
Pahang,Terengganu,2018,437.8619945166997,actual,Pahang,Terengganu
Pahang,Sabah,2018,74.82533117247704,actual,Pahang,Sabah
Pahang,Sarawak,2018,9.583906772951693,actual,Pahang,Sarawak
Pahang,W.P. Kuala Lumpur,2018,730.3301947433906,actual,Pahang,Kuala Lumpur
Pahang,W.P. Labuan,2018,5.138417868716805,actual,Pahang,Labuan
Pahang,W.P. Putrajaya,2018,68.48778330753929,actual,Pahang,Putrajaya
Pulau Pinang,Johor,2018,208.5187130000001,actual,Penang,Johor
Pulau Pinang,Kedah,2018,606.259487,actual,Penang,Kedah
Pulau Pinang,Kelantan,2018,63.70784200000004,actual,Penang,Kelantan
Pulau Pinang,Melaka,2018,41.30326200000003,actual,Penang,Malacca
Pulau Pinang,Negeri Sembilan,2018,47.12989000000004,actual,Penang,Negeri Sembilan
Pulau Pinang,Pahang,2018,191.5469600000001,actual,Penang,Pahang
Pulau Pinang,Pulau Pinang,2018,1021.669827000001,actual,Penang,Penang
Pulau Pinang,Perak,2018,431.5610800000005,actual,Penang,Perak
Pulau Pinang,Perlis,2018,71.11980400000006,actual,Penang,Perlis
Pulau Pinang,Selangor,2018,221.2473580000002,actual,Penang,Selangor
Pulau Pinang,Terengganu,2018,27.69271500000002,actual,Penang,Terengganu
Pulau Pinang,Sabah,2018,8.434520000000008,actual,Penang,Sabah
Pulau Pinang,Sarawak,2018,41.74545400000004,actual,Penang,Sarawak
Pulau Pinang,W.P. Kuala Lumpur,2018,75.84314500000006,actual,Penang,Kuala Lumpur
Pulau Pinang,W.P. Labuan,2018,49.54311900000005,actual,Penang,Labuan
Pulau Pinang,W.P. Putrajaya,2018,10.43749000000001,actual,Penang,Putrajaya
Perak,Johor,2018,233.4102726893309,actual,Perak,Johor
Perak,Kedah,2018,815.9425351550537,actual,Perak,Kedah
Perak,Kelantan,2018,190.7084398030128,actual,Perak,Kelantan
Perak,Melaka,2018,115.4749065847573,actual,Perak,Malacca
Perak,Negeri Sembilan,2018,106.0379021258639,actual,Perak,Negeri Sembilan
Perak,Pahang,2018,813.4195618203563,actual,Perak,Pahang
Perak,Pulau Pinang,2018,837.4321937283253,actual,Perak,Penang
Perak,Perak,2018,1267.667995145546,actual,Perak,Perak
Perak,Perlis,2018,76.74461689572196,actual,Perak,Perlis
Perak,Selangor,2018,627.2218563627908,actual,Perak,Selangor
Perak,Terengganu,2018,26.19852757056484,actual,Perak,Terengganu
Perak,Sabah,2018,11.20106080053123,actual,Perak,Sabah
Perak,Sarawak,2018,93.5194097509533,actual,Perak,Sarawak
Perak,W.P. Kuala Lumpur,2018,765.4213072346613,actual,Perak,Kuala Lumpur
Perak,W.P. Labuan,2018,13.92652440524448,actual,Perak,Labuan
Perak,W.P. Putrajaya,2018,27.2274249272889,actual,Perak,Putrajaya
Perlis,Johor,2018,11.197782,actual,Perlis,Johor
Perlis,Kedah,2018,167.6379840000001,actual,Perlis,Kedah
Perlis,Kelantan,2018,36.41811800000001,actual,Perlis,Kelantan
Perlis,Melaka,2018,8.684284000000003,actual,Perlis,Malacca
Perlis,Negeri Sembilan,2018,16.62335900000001,actual,Perlis,Negeri Sembilan
Perlis,Pahang,2018,7.469559000000002,actual,Perlis,Pahang
Perlis,Pulau Pinang,2018,59.796398,actual,Perlis,Penang
Perlis,Perak,2018,70.751348,actual,Perlis,Perak
Perlis,Perlis,2018,52.20065400000001,actual,Perlis,Perlis
Perlis,Selangor,2018,29.53125500000001,actual,Perlis,Selangor
Perlis,Terengganu,2018,20.99809600000001,actual,Perlis,Terengganu
Perlis,Sabah,2018,2.020909000000001,actual,Perlis,Sabah
Perlis,Sarawak,2018,1.0,actual,Perlis,Sarawak
Perlis,W.P. Kuala Lumpur,2018,30.69969400000001,actual,Perlis,Kuala Lumpur
Perlis,W.P. Labuan,2018,1.0,actual,Perlis,Labuan
Perlis,W.P. Putrajaya,2018,4.064126000000002,actual,Perlis,Putrajaya
Selangor,Johor,2018,1725.648472999998,actual,Selangor,Johor
Selangor,Kedah,2018,1141.446951999999,actual,Selangor,Kedah
Selangor,Kelantan,2018,1500.428691999998,actual,Selangor,Kelantan
Selangor,Melaka,2018,2052.001667999998,actual,Selangor,Malacca
Selangor,Negeri Sembilan,2018,1192.500737999999,actual,Selangor,Negeri Sembilan
Selangor,Pahang,2018,2448.268642999997,actual,Selangor,Pahang
Selangor,Pulau Pinang,2018,1001.255500999999,actual,Selangor,Penang
Selangor,Perak,2018,2603.606495999997,actual,Selangor,Perak
Selangor,Perlis,2018,161.3888599999999,actual,Selangor,Perlis
Selangor,Selangor,2018,2715.893467999995,actual,Selangor,Selangor
Selangor,Terengganu,2018,875.5485609999993,actual,Selangor,Terengganu
Selangor,Sabah,2018,850.4663919999995,actual,Selangor,Sabah
Selangor,Sarawak,2018,918.9642459999992,actual,Selangor,Sarawak
Selangor,W.P. Kuala Lumpur,2018,178.1193809999999,actual,Selangor,Kuala Lumpur
Selangor,W.P. Labuan,2018,40.26347799999996,actual,Selangor,Labuan
Selangor,W.P. Putrajaya,2018,342.9069689999997,actual,Selangor,Putrajaya
Terengganu,Johor,2018,70.65681623475612,actual,Terengganu,Johor
Terengganu,Kedah,2018,35.79421117413829,actual,Terengganu,Kedah
Terengganu,Kelantan,2018,623.7568940254383,actual,Terengganu,Kelantan
Terengganu,Melaka,2018,261.3827253199825,actual,Terengganu,Malacca
Terengganu,Negeri Sembilan,2018,88.90504904869198,actual,Terengganu,Negeri Sembilan
Terengganu,Pahang,2018,312.874004436593,actual,Terengganu,Pahang
Terengganu,Pulau Pinang,2018,30.10341740949577,actual,Terengganu,Penang
Terengganu,Perak,2018,90.12116635718716,actual,Terengganu,Perak
Terengganu,Perlis,2018,40.84635566252047,actual,Terengganu,Perlis
Terengganu,Selangor,2018,292.4399063637723,actual,Terengganu,Selangor
Terengganu,Terengganu,2018,2158.527067962787,actual,Terengganu,Terengganu
Terengganu,Sabah,2018,20.06567423476358,actual,Terengganu,Sabah
Terengganu,Sarawak,2018,18.74792930268788,actual,Terengganu,Sarawak
Terengganu,W.P. Kuala Lumpur,2018,307.0955658134608,actual,Terengganu,Kuala Lumpur
Terengganu,W.P. Labuan,2018,1.003283711738179,actual,Terengganu,Labuan
Terengganu,W.P. Putrajaya,2018,126.783217941979,actual,Terengganu,Putrajaya
Sabah,Johor,2018,79.83646418790786,actual,Sabah,Johor
Sabah,Kedah,2018,63.03215407948705,actual,Sabah,Kedah
Sabah,Kelantan,2018,25.40683018853102,actual,Sabah,Kelantan
Sabah,Melaka,2018,1.001294443443985,actual,Sabah,Malacca
Sabah,Negeri Sembilan,2018,1.001294443443985,actual,Sabah,Negeri Sembilan
Sabah,Pahang,2018,31.28919973957021,actual,Sabah,Pahang
Sabah,Pulau Pinang,2018,40.66833079907668,actual,Sabah,Penang
Sabah,Perak,2018,3.927204972876069,actual,Sabah,Perak
Sabah,Perlis,2018,7.758234613164899,actual,Sabah,Perlis
Sabah,Selangor,2018,13.63507701887629,actual,Sabah,Selangor
Sabah,Terengganu,2018,8.72712216194682,actual,Sabah,Terengganu
Sabah,Sabah,2018,3439.21555778709,actual,Sabah,Sabah
Sabah,Sarawak,2018,25.36484390992852,actual,Sabah,Sarawak
Sabah,W.P. Kuala Lumpur,2018,70.03696969515475,actual,Sabah,Kuala Lumpur
Sabah,W.P. Labuan,2018,36.04507499254608,actual,Sabah,Labuan
Sabah,W.P. Putrajaya,2018,10.0868419669549,actual,Sabah,Putrajaya
Sarawak,Johor,2018,130.9675567796216,actual,Sarawak,Johor
Sarawak,Kedah,2018,69.96374426250776,actual,Sarawak,Kedah
Sarawak,Kelantan,2018,31.77910704253136,actual,Sarawak,Kelantan
Sarawak,Melaka,2018,25.73980665457094,actual,Sarawak,Malacca
Sarawak,Negeri Sembilan,2018,14.78436874370558,actual,Sarawak,Negeri Sembilan
Sarawak,Pahang,2018,18.2007377702072,actual,Sarawak,Pahang
Sarawak,Pulau Pinang,2018,13.99541546787856,actual,Sarawak,Penang
Sarawak,Perak,2018,15.0360619686409,actual,Sarawak,Perak
Sarawak,Perlis,2018,1.624437719022212,actual,Sarawak,Perlis
Sarawak,Selangor,2018,48.9688667348039,actual,Sarawak,Selangor
Sarawak,Terengganu,2018,1.353698099185176,actual,Sarawak,Terengganu
Sarawak,Sabah,2018,299.4828354107408,actual,Sarawak,Sabah
Sarawak,Sarawak,2018,3787.730163160485,actual,Sarawak,Sarawak
Sarawak,W.P. Kuala Lumpur,2018,277.3825724538282,actual,Sarawak,Kuala Lumpur
Sarawak,W.P. Labuan,2018,23.44260147074001,actual,Sarawak,Labuan
Sarawak,W.P. Putrajaya,2018,45.0186832615324,actual,Sarawak,Putrajaya
W.P. Kuala Lumpur,Johor,2018,933.1832576552046,actual,Kuala Lumpur,Johor
W.P. Kuala Lumpur,Kedah,2018,260.4386256080417,actual,Kuala Lumpur,Kedah
W.P. Kuala Lumpur,Kelantan,2018,242.4936191158105,actual,Kuala Lumpur,Kelantan
W.P. Kuala Lumpur,Melaka,2018,514.4626605161083,actual,Kuala Lumpur,Malacca
W.P. Kuala Lumpur,Negeri Sembilan,2018,1099.542249814021,actual,Kuala Lumpur,Negeri Sembilan
W.P. Kuala Lumpur,Pahang,2018,1800.231288044312,actual,Kuala Lumpur,Pahang
W.P. Kuala Lumpur,Pulau Pinang,2018,169.1448876695562,actual,Kuala Lumpur,Penang
W.P. Kuala Lumpur,Perak,2018,940.7927346041243,actual,Kuala Lumpur,Perak
W.P. Kuala Lumpur,Perlis,2018,1.98998790729101,actual,Kuala Lumpur,Perlis
W.P. Kuala Lumpur,Selangor,2018,641.9819273802009,actual,Kuala Lumpur,Selangor
W.P. Kuala Lumpur,Terengganu,2018,343.2263323707655,actual,Kuala Lumpur,Terengganu
W.P. Kuala Lumpur,Sabah,2018,114.338963042835,actual,Kuala Lumpur,Sabah
W.P. Kuala Lumpur,Sarawak,2018,154.5165741225279,actual,Kuala Lumpur,Sarawak
W.P. Kuala Lumpur,W.P. Kuala Lumpur,2018,109.5974387560118,actual,Kuala Lumpur,Kuala Lumpur
W.P. Kuala Lumpur,W.P. Labuan,2018,35.11860113715863,actual,Kuala Lumpur,Labuan
W.P. Kuala Lumpur,W.P. Putrajaya,2018,36.63192425603436,actual,Kuala Lumpur,Putrajaya
W.P. Labuan,Johor,2018,11.02438453910552,actual,Labuan,Johor
W.P. Labuan,Kedah,2018,1.005591279541556,actual,Labuan,Kedah
W.P. Labuan,Kelantan,2018,1.082896154007134,actual,Labuan,Kelantan
W.P. Labuan,Melaka,2018,2.819365443263219,actual,Labuan,Malacca
W.P. Labuan,Negeri Sembilan,2018,2.924421015489879,actual,Labuan,Negeri Sembilan
W.P. Labuan,Pahang,2018,1.564232171126119,actual,Labuan,Pahang
W.P. Labuan,Pulau Pinang,2018,7.699417788068883,actual,Labuan,Penang
W.P. Labuan,Perak,2018,6.270978951585535,actual,Labuan,Perak
W.P. Labuan,Perlis,2018,0.2922100733035123,actual,Labuan,Perlis
W.P. Labuan,Selangor,2018,4.357562211346742,actual,Labuan,Selangor
W.P. Labuan,Terengganu,2018,1.61009462694899,actual,Labuan,Terengganu
W.P. Labuan,Sabah,2018,145.9856617075245,actual,Labuan,Sabah
W.P. Labuan,Sarawak,2018,18.58101027114103,actual,Labuan,Sarawak
W.P. Labuan,W.P. Kuala Lumpur,2018,7.856673735418156,actual,Labuan,Kuala Lumpur
W.P. Labuan,W.P. Labuan,2018,21.24183205015999,actual,Labuan,Labuan
W.P. Labuan,W.P. Putrajaya,2018,6.004292981969254,actual,Labuan,Putrajaya
W.P. Putrajaya,Johor,2018,59.01754200000006,actual,Putrajaya,Johor
W.P. Putrajaya,Kedah,2018,54.26422100000001,actual,Putrajaya,Kedah
W.P. Putrajaya,Kelantan,2018,30.36306800000002,actual,Putrajaya,Kelantan
W.P. Putrajaya,Melaka,2018,58.02461800000005,actual,Putrajaya,Malacca
W.P. Putrajaya,Negeri Sembilan,2018,42.88160200000003,actual,Putrajaya,Negeri Sembilan
W.P. Putrajaya,Pahang,2018,48.08286400000004,actual,Putrajaya,Pahang
W.P. Putrajaya,Pulau Pinang,2018,8.661020000000006,actual,Putrajaya,Penang
W.P. Putrajaya,Perak,2018,44.84144100000001,actual,Putrajaya,Perak
W.P. Putrajaya,Perlis,2018,6.358802000000004,actual,Putrajaya,Perlis
W.P. Putrajaya,Selangor,2018,33.65094500000003,actual,Putrajaya,Selangor
W.P. Putrajaya,Terengganu,2018,13.67614100000001,actual,Putrajaya,Terengganu
W.P. Putrajaya,Sabah,2018,12.39992200000001,actual,Putrajaya,Sabah
W.P. Putrajaya,Sarawak,2018,3.733140000000003,actual,Putrajaya,Sarawak
W.P. Putrajaya,W.P. Kuala Lumpur,2018,8.403926000000007,actual,Putrajaya,Kuala Lumpur
W.P. Putrajaya,W.P. Labuan,2018,1.659089000000001,actual,Putrajaya,Labuan
W.P. Putrajaya,W.P. Putrajaya,2018,2.100498000000001,actual,Putrajaya,Putrajaya
Johor,Johor,2019,2172.96265771312,actual,Johor,Johor
Johor,Kedah,2019,111.182053315166,actual,Johor,Kedah
Johor,Kelantan,2019,286.772148245835,actual,Johor,Kelantan
Johor,Melaka,2019,734.529862062527,actual,Johor,Malacca
Johor,Negeri Sembilan,2019,751.173273604522,actual,Johor,Negeri Sembilan
Johor,Pahang,2019,560.58160995949,actual,Johor,Pahang
Johor,Pulau Pinang,2019,58.2873560221144,actual,Johor,Penang
Johor,Perak,2019,560.732284703806,actual,Johor,Perak
Johor,Perlis,2019,14.5702629211931,actual,Johor,Perlis
Johor,Selangor,2019,847.006864116626,actual,Johor,Selangor
Johor,Terengganu,2019,124.623060766583,actual,Johor,Terengganu
Johor,Sabah,2019,12.5382223929739,actual,Johor,Sabah
Johor,Sarawak,2019,21.2669574214281,actual,Johor,Sarawak
Johor,W.P. Kuala Lumpur,2019,701.535342200124,actual,Johor,Kuala Lumpur
Johor,W.P. Labuan,2019,12.9351098187813,actual,Johor,Labuan
Johor,W.P. Putrajaya,2019,12.1410132357077,actual,Johor,Putrajaya
Kedah,Johor,2019,45.3774657995418,actual,Kedah,Johor
Kedah,Kedah,2019,1624.13055457481,actual,Kedah,Kedah
Kedah,Kelantan,2019,188.889764219497,actual,Kedah,Kelantan
Kedah,Melaka,2019,44.9432637246426,actual,Kedah,Malacca
Kedah,Negeri Sembilan,2019,17.7104473115196,actual,Kedah,Negeri Sembilan
Kedah,Pahang,2019,320.174651514132,actual,Kedah,Pahang
Kedah,Pulau Pinang,2019,668.077059118212,actual,Kedah,Penang
Kedah,Perak,2019,481.800159284132,actual,Kedah,Perak
Kedah,Perlis,2019,101.177917015088,actual,Kedah,Perlis
Kedah,Selangor,2019,276.034230660173,actual,Kedah,Selangor
Kedah,Terengganu,2019,101.199172880209,actual,Kedah,Terengganu
Kedah,Sabah,2019,32.7358414560158,actual,Kedah,Sabah
Kedah,Sarawak,2019,32.1852439970984,actual,Kedah,Sarawak
Kedah,W.P. Kuala Lumpur,2019,338.790583631926,actual,Kedah,Kuala Lumpur
Kedah,W.P. Labuan,2019,1.55960583033506,actual,Kedah,Labuan
Kedah,W.P. Putrajaya,2019,36.4108024826661,actual,Kedah,Putrajaya
Kelantan,Johor,2019,171.199190376919,actual,Kelantan,Johor
Kelantan,Kedah,2019,114.484211318265,actual,Kelantan,Kedah
Kelantan,Kelantan,2019,2151.84440274139,actual,Kelantan,Kelantan
Kelantan,Melaka,2019,82.0148343804949,actual,Kelantan,Malacca
Kelantan,Negeri Sembilan,2019,52.7145202951844,actual,Kelantan,Negeri Sembilan
Kelantan,Pahang,2019,418.181676537689,actual,Kelantan,Pahang
Kelantan,Pulau Pinang,2019,175.33954847431,actual,Kelantan,Penang
Kelantan,Perak,2019,80.9180966766369,actual,Kelantan,Perak
Kelantan,Perlis,2019,8.68694278845095,actual,Kelantan,Perlis
Kelantan,Selangor,2019,264.131022636286,actual,Kelantan,Selangor
Kelantan,Terengganu,2019,521.316836463556,actual,Kelantan,Terengganu
Kelantan,Sabah,2019,21.2224950651455,actual,Kelantan,Sabah
Kelantan,Sarawak,2019,6.96356071462007,actual,Kelantan,Sarawak
Kelantan,W.P. Kuala Lumpur,2019,192.819118864989,actual,Kelantan,Kuala Lumpur
Kelantan,W.P. Labuan,2019,32.344821441058,actual,Kelantan,Labuan
Kelantan,W.P. Putrajaya,2019,8.73213522500597,actual,Kelantan,Putrajaya
Melaka,Johor,2019,654.054310632595,actual,Malacca,Johor
Melaka,Kedah,2019,103.246783765921,actual,Malacca,Kedah
Melaka,Kelantan,2019,90.7204671246655,actual,Malacca,Kelantan
Melaka,Melaka,2019,220.207659645639,actual,Malacca,Malacca
Melaka,Negeri Sembilan,2019,356.184907043846,actual,Malacca,Negeri Sembilan
Melaka,Pahang,2019,297.334371330921,actual,Malacca,Pahang
Melaka,Pulau Pinang,2019,53.7679240996309,actual,Malacca,Penang
Melaka,Perak,2019,344.798066088202,actual,Malacca,Perak
Melaka,Perlis,2019,15.2651195037208,actual,Malacca,Perlis
Melaka,Selangor,2019,587.84226877757,actual,Malacca,Selangor
Melaka,Terengganu,2019,51.6591881660685,actual,Malacca,Terengganu
Melaka,Sabah,2019,14.0977235909409,actual,Malacca,Sabah
Melaka,Sarawak,2019,12.3885499984346,actual,Malacca,Sarawak
Melaka,W.P. Kuala Lumpur,2019,170.235793458232,actual,Malacca,Kuala Lumpur
Melaka,W.P. Labuan,2019,19.4470517010888,actual,Malacca,Labuan
Melaka,W.P. Putrajaya,2019,3.04632947252371,actual,Malacca,Putrajaya
Negeri Sembilan,Johor,2019,744.819233720332,actual,Negeri Sembilan,Johor
Negeri Sembilan,Kedah,2019,329.665290180355,actual,Negeri Sembilan,Kedah
Negeri Sembilan,Kelantan,2019,60.4652200482064,actual,Negeri Sembilan,Kelantan
Negeri Sembilan,Melaka,2019,701.010055007994,actual,Negeri Sembilan,Malacca
Negeri Sembilan,Negeri Sembilan,2019,656.505123289409,actual,Negeri Sembilan,Negeri Sembilan
Negeri Sembilan,Pahang,2019,541.019337188616,actual,Negeri Sembilan,Pahang
Negeri Sembilan,Pulau Pinang,2019,43.8082536869033,actual,Negeri Sembilan,Penang
Negeri Sembilan,Perak,2019,677.015171612038,actual,Negeri Sembilan,Perak
Negeri Sembilan,Perlis,2019,3.40519682076625,actual,Negeri Sembilan,Perlis
Negeri Sembilan,Selangor,2019,680.807452159981,actual,Negeri Sembilan,Selangor
Negeri Sembilan,Terengganu,2019,320.662508356071,actual,Negeri Sembilan,Terengganu
Negeri Sembilan,Sabah,2019,7.85794902788715,actual,Negeri Sembilan,Sabah
Negeri Sembilan,Sarawak,2019,40.4508689725346,actual,Negeri Sembilan,Sarawak
Negeri Sembilan,W.P. Kuala Lumpur,2019,337.524905933346,actual,Negeri Sembilan,Kuala Lumpur
Negeri Sembilan,W.P. Labuan,2019,3.34697806160546,actual,Negeri Sembilan,Labuan
Negeri Sembilan,W.P. Putrajaya,2019,9.82926989276712,actual,Negeri Sembilan,Putrajaya
Pahang,Johor,2019,306.671051625323,actual,Pahang,Johor
Pahang,Kedah,2019,141.32796225661,actual,Pahang,Kedah
Pahang,Kelantan,2019,552.51261606811,actual,Pahang,Kelantan
Pahang,Melaka,2019,290.950425034208,actual,Pahang,Malacca
Pahang,Negeri Sembilan,2019,297.746410865747,actual,Pahang,Negeri Sembilan
Pahang,Pahang,2019,2896.2928323388,actual,Pahang,Pahang
Pahang,Pulau Pinang,2019,70.848739757292,actual,Pahang,Penang
Pahang,Perak,2019,223.886890916809,actual,Pahang,Perak
Pahang,Perlis,2019,0.580171791372457,actual,Pahang,Perlis
Pahang,Selangor,2019,409.281841508317,actual,Pahang,Selangor
Pahang,Terengganu,2019,543.796013394492,actual,Pahang,Terengganu
Pahang,Sabah,2019,9.78852692461173,actual,Pahang,Sabah
Pahang,Sarawak,2019,3.68647042126662,actual,Pahang,Sarawak
Pahang,W.P. Kuala Lumpur,2019,916.393657141176,actual,Pahang,Kuala Lumpur
Pahang,W.P. Labuan,2019,8.31030452720131,actual,Pahang,Labuan
Pahang,W.P. Putrajaya,2019,16.3104158286636,actual,Pahang,Putrajaya
Pulau Pinang,Johor,2019,66.0341581886311,actual,Penang,Johor
Pulau Pinang,Kedah,2019,1359.36198131665,actual,Penang,Kedah
Pulau Pinang,Kelantan,2019,243.868625452576,actual,Penang,Kelantan
Pulau Pinang,Melaka,2019,55.611605818514,actual,Penang,Malacca
Pulau Pinang,Negeri Sembilan,2019,20.4710706609094,actual,Penang,Negeri Sembilan
Pulau Pinang,Pahang,2019,337.781135690593,actual,Penang,Pahang
Pulau Pinang,Pulau Pinang,2019,118.516072747395,actual,Penang,Penang
Pulau Pinang,Perak,2019,706.793009631604,actual,Penang,Perak
Pulau Pinang,Perlis,2019,207.494329821541,actual,Penang,Perlis
Pulau Pinang,Selangor,2019,182.358885891731,actual,Penang,Selangor
Pulau Pinang,Terengganu,2019,144.406516029224,actual,Penang,Terengganu
Pulau Pinang,Sabah,2019,43.7602156589554,actual,Penang,Sabah
Pulau Pinang,Sarawak,2019,18.2392146655873,actual,Penang,Sarawak
Pulau Pinang,W.P. Kuala Lumpur,2019,32.3512829876682,actual,Penang,Kuala Lumpur
Pulau Pinang,W.P. Labuan,2019,23.7406810207839,actual,Penang,Labuan
Pulau Pinang,W.P. Putrajaya,2019,18.2957313176395,actual,Penang,Putrajaya
Perak,Johor,2019,96.5212153481732,actual,Perak,Johor
Perak,Kedah,2019,709.212185038304,actual,Perak,Kedah
Perak,Kelantan,2019,300.391732638619,actual,Perak,Kelantan
Perak,Melaka,2019,83.1109745202195,actual,Perak,Malacca
Perak,Negeri Sembilan,2019,99.1719977521012,actual,Perak,Negeri Sembilan
Perak,Pahang,2019,292.107226009078,actual,Perak,Pahang
Perak,Pulau Pinang,2019,715.243584150675,actual,Perak,Penang
Perak,Perak,2019,2485.03510450354,actual,Perak,Perak
Perak,Perlis,2019,59.7198337479158,actual,Perak,Perlis
Perak,Selangor,2019,1047.43553615206,actual,Perak,Selangor
Perak,Terengganu,2019,90.5405021437661,actual,Perak,Terengganu
Perak,Sabah,2019,29.8353043050724,actual,Perak,Sabah
Perak,Sarawak,2019,19.9020669934423,actual,Perak,Sarawak
Perak,W.P. Kuala Lumpur,2019,609.966921133691,actual,Perak,Kuala Lumpur
Perak,W.P. Labuan,2019,18.0660938982201,actual,Perak,Labuan
Perak,W.P. Putrajaya,2019,57.4330718651196,actual,Perak,Putrajaya
Perlis,Johor,2019,19.2124242618261,actual,Perlis,Johor
Perlis,Kedah,2019,133.906319541402,actual,Perlis,Kedah
Perlis,Kelantan,2019,23.1996520510161,actual,Perlis,Kelantan
Perlis,Melaka,2019,8.40579683477697,actual,Perlis,Malacca
Perlis,Negeri Sembilan,2019,15.411250174749,actual,Perlis,Negeri Sembilan
Perlis,Pahang,2019,19.5503072614679,actual,Perlis,Pahang
Perlis,Pulau Pinang,2019,104.818532534341,actual,Perlis,Penang
Perlis,Perak,2019,57.8305443285799,actual,Perlis,Perak
Perlis,Perlis,2019,7.61708831637758,actual,Perlis,Perlis
Perlis,Selangor,2019,71.1892895540369,actual,Perlis,Selangor
Perlis,Terengganu,2019,6.33664368299457,actual,Perlis,Terengganu
Perlis,Sabah,2019,2.62269872432956,actual,Perlis,Sabah
Perlis,Sarawak,2019,2.50609119601171,actual,Perlis,Sarawak
Perlis,W.P. Kuala Lumpur,2019,50.9066356159958,actual,Perlis,Kuala Lumpur
Perlis,W.P. Labuan,2019,1.29033862175603,actual,Perlis,Labuan
Perlis,W.P. Putrajaya,2019,1.51602720033848,actual,Perlis,Putrajaya
Selangor,Johor,2019,2590.73316410416,actual,Selangor,Johor
Selangor,Kedah,2019,1586.46247451104,actual,Selangor,Kedah
Selangor,Kelantan,2019,1151.11577722244,actual,Selangor,Kelantan
Selangor,Melaka,2019,1682.47705491644,actual,Selangor,Malacca
Selangor,Negeri Sembilan,2019,2086.47231100904,actual,Selangor,Negeri Sembilan
Selangor,Pahang,2019,2130.73320299051,actual,Selangor,Pahang
Selangor,Pulau Pinang,2019,1507.5917723807,actual,Selangor,Penang
Selangor,Perak,2019,2899.74021280693,actual,Selangor,Perak
Selangor,Perlis,2019,193.268000603321,actual,Selangor,Perlis
Selangor,Selangor,2019,3203.86748778431,actual,Selangor,Selangor
Selangor,Terengganu,2019,648.343642743949,actual,Selangor,Terengganu
Selangor,Sabah,2019,236.000861626521,actual,Selangor,Sabah
Selangor,Sarawak,2019,157.589301524952,actual,Selangor,Sarawak
Selangor,W.P. Kuala Lumpur,2019,287.093311817924,actual,Selangor,Kuala Lumpur
Selangor,W.P. Labuan,2019,20.0888342173143,actual,Selangor,Labuan
Selangor,W.P. Putrajaya,2019,2.02989394451379,actual,Selangor,Putrajaya
Terengganu,Johor,2019,121.397448342613,actual,Terengganu,Johor
Terengganu,Kedah,2019,107.819955832562,actual,Terengganu,Kedah
Terengganu,Kelantan,2019,1016.55859103811,actual,Terengganu,Kelantan
Terengganu,Melaka,2019,61.0139163070792,actual,Terengganu,Malacca
Terengganu,Negeri Sembilan,2019,88.411711129103,actual,Terengganu,Negeri Sembilan
Terengganu,Pahang,2019,500.403628051369,actual,Terengganu,Pahang
Terengganu,Pulau Pinang,2019,26.81453510462,actual,Terengganu,Penang
Terengganu,Perak,2019,75.6633885298374,actual,Terengganu,Perak
Terengganu,Perlis,2019,4.23175751789251,actual,Terengganu,Perlis
Terengganu,Selangor,2019,296.192693286364,actual,Terengganu,Selangor
Terengganu,Terengganu,2019,1781.39033612366,actual,Terengganu,Terengganu
Terengganu,Sabah,2019,4.92017534272953,actual,Terengganu,Sabah
Terengganu,Sarawak,2019,4.45710001635499,actual,Terengganu,Sarawak
Terengganu,W.P. Kuala Lumpur,2019,357.358918643502,actual,Terengganu,Kuala Lumpur
Terengganu,W.P. Labuan,2019,1.85400378831573,actual,Terengganu,Labuan
Terengganu,W.P. Putrajaya,2019,79.4873554458898,actual,Terengganu,Putrajaya
Sabah,Johor,2019,9.54581639296475,actual,Sabah,Johor
Sabah,Kedah,2019,22.1839395047772,actual,Sabah,Kedah
Sabah,Kelantan,2019,1.64664815562234,actual,Sabah,Kelantan
Sabah,Melaka,2019,3.89221961950998,actual,Sabah,Malacca
Sabah,Negeri Sembilan,2019,2.88593729392488,actual,Sabah,Negeri Sembilan
Sabah,Pahang,2019,2.81165563514622,actual,Sabah,Pahang
Sabah,Pulau Pinang,2019,14.0958086180245,actual,Sabah,Penang
Sabah,Perak,2019,1.6888699032024,actual,Sabah,Perak
Sabah,Perlis,2019,0.333082675353807,actual,Sabah,Perlis
Sabah,Selangor,2019,8.68805875985677,actual,Sabah,Selangor
Sabah,Terengganu,2019,22.7889560367257,actual,Sabah,Terengganu
Sabah,Sabah,2019,4215.95308482031,actual,Sabah,Sabah
Sabah,Sarawak,2019,31.4442677655362,actual,Sabah,Sarawak
Sabah,W.P. Kuala Lumpur,2019,40.5186874166265,actual,Sabah,Kuala Lumpur
Sabah,W.P. Labuan,2019,30.620864091912,actual,Sabah,Labuan
Sabah,W.P. Putrajaya,2019,22.0460073105069,actual,Sabah,Putrajaya
Sarawak,Johor,2019,61.0610447791342,actual,Sarawak,Johor
Sarawak,Kedah,2019,16.0320504602124,actual,Sarawak,Kedah
Sarawak,Kelantan,2019,2.5907676557017,actual,Sarawak,Kelantan
Sarawak,Melaka,2019,13.0219981340239,actual,Sarawak,Malacca
Sarawak,Negeri Sembilan,2019,3.82887675174729,actual,Sarawak,Negeri Sembilan
Sarawak,Pahang,2019,18.3884316341972,actual,Sarawak,Pahang
Sarawak,Pulau Pinang,2019,6.85834448085096,actual,Sarawak,Penang
Sarawak,Perak,2019,1.7279908446778,actual,Sarawak,Perak
Sarawak,Perlis,2019,0.38751839817175,actual,Sarawak,Perlis
Sarawak,Selangor,2019,63.6531541258937,actual,Sarawak,Selangor
Sarawak,Terengganu,2019,9.95239860964993,actual,Sarawak,Terengganu
Sarawak,Sabah,2019,210.074821983284,actual,Sarawak,Sabah
Sarawak,Sarawak,2019,4671.66254563295,actual,Sarawak,Sarawak
Sarawak,W.P. Kuala Lumpur,2019,221.030919809925,actual,Sarawak,Kuala Lumpur
Sarawak,W.P. Labuan,2019,20.0461561318405,actual,Sarawak,Labuan
Sarawak,W.P. Putrajaya,2019,39.8102445677363,actual,Sarawak,Putrajaya
W.P. Kuala Lumpur,Johor,2019,973.181111778854,actual,Kuala Lumpur,Johor
W.P. Kuala Lumpur,Kedah,2019,150.818145140213,actual,Kuala Lumpur,Kedah
W.P. Kuala Lumpur,Kelantan,2019,384.88082286446,actual,Kuala Lumpur,Kelantan
W.P. Kuala Lumpur,Melaka,2019,610.455907228405,actual,Kuala Lumpur,Malacca
W.P. Kuala Lumpur,Negeri Sembilan,2019,1449.79050601158,actual,Kuala Lumpur,Negeri Sembilan
W.P. Kuala Lumpur,Pahang,2019,1097.93341723649,actual,Kuala Lumpur,Pahang
W.P. Kuala Lumpur,Pulau Pinang,2019,322.832466060548,actual,Kuala Lumpur,Penang
W.P. Kuala Lumpur,Perak,2019,1465.96398787892,actual,Kuala Lumpur,Perak
W.P. Kuala Lumpur,Perlis,2019,1.97266169585126,actual,Kuala Lumpur,Perlis
W.P. Kuala Lumpur,Selangor,2019,1165.78261196747,actual,Kuala Lumpur,Selangor
W.P. Kuala Lumpur,Terengganu,2019,469.825587443243,actual,Kuala Lumpur,Terengganu
W.P. Kuala Lumpur,Sabah,2019,39.222135263468,actual,Kuala Lumpur,Sabah
W.P. Kuala Lumpur,Sarawak,2019,33.7979735248557,actual,Kuala Lumpur,Sarawak
W.P. Kuala Lumpur,W.P. Kuala Lumpur,2019,0.0,actual,Kuala Lumpur,Kuala Lumpur
W.P. Kuala Lumpur,W.P. Labuan,2019,33.2858830169034,actual,Kuala Lumpur,Labuan
W.P. Kuala Lumpur,W.P. Putrajaya,2019,1.37151196912458,actual,Kuala Lumpur,Putrajaya
W.P. Labuan,Johor,2019,1.49469802648351,actual,Labuan,Johor
W.P. Labuan,Kedah,2019,5.27646411758638,actual,Labuan,Kedah
W.P. Labuan,Kelantan,2019,0.701635357195458,actual,Labuan,Kelantan
W.P. Labuan,Melaka,2019,0.635835397734877,actual,Labuan,Malacca
W.P. Labuan,Negeri Sembilan,2019,0.598433315515178,actual,Labuan,Negeri Sembilan
W.P. Labuan,Pahang,2019,0.720336398305307,actual,Labuan,Pahang
W.P. Labuan,Pulau Pinang,2019,1.46699278039485,actual,Labuan,Penang
W.P. Labuan,Perak,2019,0.469603921202883,actual,Labuan,Perak
W.P. Labuan,Perlis,2019,0.102509410528063,actual,Labuan,Perlis
W.P. Labuan,Selangor,2019,6.54183196957096,actual,Labuan,Selangor
W.P. Labuan,Terengganu,2019,1.5147843298978,actual,Labuan,Terengganu
W.P. Labuan,Sabah,2019,61.2676015957079,actual,Labuan,Sabah
W.P. Labuan,Sarawak,2019,4.19337406656342,actual,Labuan,Sarawak
W.P. Labuan,W.P. Kuala Lumpur,2019,2.41812980913524,actual,Labuan,Kuala Lumpur
W.P. Labuan,W.P. Labuan,2019,4.5076435386259,actual,Labuan,Labuan
W.P. Labuan,W.P. Putrajaya,2019,15.2960663655523,actual,Labuan,Putrajaya
W.P. Putrajaya,Johor,2019,36.3088029171262,actual,Putrajaya,Johor
W.P. Putrajaya,Kedah,2019,31.2726562625075,actual,Putrajaya,Kedah
W.P. Putrajaya,Kelantan,2019,30.3503489267209,actual,Putrajaya,Kelantan
W.P. Putrajaya,Melaka,2019,57.370681131195,actual,Putrajaya,Malacca
W.P. Putrajaya,Negeri Sembilan,2019,66.4530183019853,actual,Putrajaya,Negeri Sembilan
W.P. Putrajaya,Pahang,2019,60.2234779259782,actual,Putrajaya,Pahang
W.P. Putrajaya,Pulau Pinang,2019,16.1906414885801,actual,Putrajaya,Penang
W.P. Putrajaya,Perak,2019,58.6824906690408,actual,Putrajaya,Perak
W.P. Putrajaya,Perlis,2019,7.14752757348825,actual,Putrajaya,Perlis
W.P. Putrajaya,Selangor,2019,38.6072713923206,actual,Putrajaya,Selangor
W.P. Putrajaya,Terengganu,2019,22.1166120059341,actual,Putrajaya,Terengganu
W.P. Putrajaya,Sabah,2019,6.4648682155563,actual,Putrajaya,Sabah
W.P. Putrajaya,Sarawak,2019,3.72279434126756,actual,Putrajaya,Sarawak
W.P. Putrajaya,W.P. Kuala Lumpur,2019,10.2215214114864,actual,Putrajaya,Kuala Lumpur
W.P. Putrajaya,W.P. Labuan,2019,0.498742081444838,actual,Putrajaya,Labuan
W.P. Putrajaya,W.P. Putrajaya,2019,1.97203765536809,actual,Putrajaya,Putrajaya
Johor,Johor,2020,1888.928,actual,Johor,Johor
Johor,Kedah,2020,35.725,actual,Johor,Kedah
Johor,Kelantan,2020,97.664,actual,Johor,Kelantan
Johor,Melaka,2020,293.963,actual,Johor,Malacca
Johor,Negeri Sembilan,2020,287.998,actual,Johor,Negeri Sembilan
Johor,Pahang,2020,227.567,actual,Johor,Pahang
Johor,Pulau Pinang,2020,25.952,actual,Johor,Penang
Johor,Perak,2020,296.114,actual,Johor,Perak
Johor,Perlis,2020,2.099,actual,Johor,Perlis
Johor,Selangor,2020,246.262,actual,Johor,Selangor
Johor,Terengganu,2020,100.63,actual,Johor,Terengganu
Johor,Sabah,2020,11.884,actual,Johor,Sabah
Johor,Sarawak,2020,11.118,actual,Johor,Sarawak
Johor,W.P. Kuala Lumpur,2020,324.568,actual,Johor,Kuala Lumpur
Johor,W.P. Labuan,2020,0.0,actual,Johor,Labuan
Johor,W.P. Putrajaya,2020,7.744,actual,Johor,Putrajaya
Kedah,Johor,2020,78.109,actual,Kedah,Johor
Kedah,Kedah,2020,1209.468,actual,Kedah,Kedah
Kedah,Kelantan,2020,47.307,actual,Kedah,Kelantan
Kedah,Melaka,2020,68.119,actual,Kedah,Malacca
Kedah,Negeri Sembilan,2020,26.849,actual,Kedah,Negeri Sembilan
Kedah,Pahang,2020,187.328,actual,Kedah,Pahang
Kedah,Pulau Pinang,2020,236.537,actual,Kedah,Penang
Kedah,Perak,2020,152.174,actual,Kedah,Perak
Kedah,Perlis,2020,96.094,actual,Kedah,Perlis
Kedah,Selangor,2020,141.841,actual,Kedah,Selangor
Kedah,Terengganu,2020,38.562,actual,Kedah,Terengganu
Kedah,Sabah,2020,13.604,actual,Kedah,Sabah
Kedah,Sarawak,2020,54.316,actual,Kedah,Sarawak
Kedah,W.P. Kuala Lumpur,2020,174.984,actual,Kedah,Kuala Lumpur
Kedah,W.P. Labuan,2020,0.0,actual,Kedah,Labuan
Kedah,W.P. Putrajaya,2020,4.938,actual,Kedah,Putrajaya
Kelantan,Johor,2020,47.864,actual,Kelantan,Johor
Kelantan,Kedah,2020,10.747,actual,Kelantan,Kedah
Kelantan,Kelantan,2020,1267.487,actual,Kelantan,Kelantan
Kelantan,Melaka,2020,23.911,actual,Kelantan,Malacca
Kelantan,Negeri Sembilan,2020,20.503,actual,Kelantan,Negeri Sembilan
Kelantan,Pahang,2020,255.283,actual,Kelantan,Pahang
Kelantan,Pulau Pinang,2020,61.503,actual,Kelantan,Penang
Kelantan,Perak,2020,66.116,actual,Kelantan,Perak
Kelantan,Perlis,2020,4.101,actual,Kelantan,Perlis
Kelantan,Selangor,2020,189.477,actual,Kelantan,Selangor
Kelantan,Terengganu,2020,192.683,actual,Kelantan,Terengganu
Kelantan,Sabah,2020,25.455,actual,Kelantan,Sabah
Kelantan,Sarawak,2020,5.724,actual,Kelantan,Sarawak
Kelantan,W.P. Kuala Lumpur,2020,220.114,actual,Kelantan,Kuala Lumpur
Kelantan,W.P. Labuan,2020,1.82,actual,Kelantan,Labuan
Kelantan,W.P. Putrajaya,2020,15.839,actual,Kelantan,Putrajaya
Melaka,Johor,2020,273.747,actual,Malacca,Johor
Melaka,Kedah,2020,70.996,actual,Malacca,Kedah
Melaka,Kelantan,2020,21.686,actual,Malacca,Kelantan
Melaka,Melaka,2020,535.869,actual,Malacca,Malacca
Melaka,Negeri Sembilan,2020,205.079,actual,Malacca,Negeri Sembilan
Melaka,Pahang,2020,153.343,actual,Malacca,Pahang
Melaka,Pulau Pinang,2020,17.367,actual,Malacca,Penang
Melaka,Perak,2020,88.124,actual,Malacca,Perak
Melaka,Perlis,2020,14.723,actual,Malacca,Perlis
Melaka,Selangor,2020,129.431,actual,Malacca,Selangor
Melaka,Terengganu,2020,32.964,actual,Malacca,Terengganu
Melaka,Sabah,2020,13.967,actual,Malacca,Sabah
Melaka,Sarawak,2020,16.617,actual,Malacca,Sarawak
Melaka,W.P. Kuala Lumpur,2020,177.028,actual,Malacca,Kuala Lumpur
Melaka,W.P. Labuan,2020,0.0,actual,Malacca,Labuan
Melaka,W.P. Putrajaya,2020,7.861,actual,Malacca,Putrajaya
Negeri Sembilan,Johor,2020,338.342,actual,Negeri Sembilan,Johor
Negeri Sembilan,Kedah,2020,129.125,actual,Negeri Sembilan,Kedah
Negeri Sembilan,Kelantan,2020,68.162,actual,Negeri Sembilan,Kelantan
Negeri Sembilan,Melaka,2020,273.768,actual,Negeri Sembilan,Malacca
Negeri Sembilan,Negeri Sembilan,2020,650.357,actual,Negeri Sembilan,Negeri Sembilan
Negeri Sembilan,Pahang,2020,242.977,actual,Negeri Sembilan,Pahang
Negeri Sembilan,Pulau Pinang,2020,123.344,actual,Negeri Sembilan,Penang
Negeri Sembilan,Perak,2020,281.974,actual,Negeri Sembilan,Perak
Negeri Sembilan,Perlis,2020,80.718,actual,Negeri Sembilan,Perlis
Negeri Sembilan,Selangor,2020,243.391,actual,Negeri Sembilan,Selangor
Negeri Sembilan,Terengganu,2020,130.737,actual,Negeri Sembilan,Terengganu
Negeri Sembilan,Sabah,2020,8.803,actual,Negeri Sembilan,Sabah
Negeri Sembilan,Sarawak,2020,12.579,actual,Negeri Sembilan,Sarawak
Negeri Sembilan,W.P. Kuala Lumpur,2020,311.064,actual,Negeri Sembilan,Kuala Lumpur
Negeri Sembilan,W.P. Labuan,2020,0.0,actual,Negeri Sembilan,Labuan
Negeri Sembilan,W.P. Putrajaya,2020,23.007,actual,Negeri Sembilan,Putrajaya
Pahang,Johor,2020,114.945,actual,Pahang,Johor
Pahang,Kedah,2020,103.229,actual,Pahang,Kedah
Pahang,Kelantan,2020,284.572,actual,Pahang,Kelantan
Pahang,Melaka,2020,121.544,actual,Pahang,Malacca
Pahang,Negeri Sembilan,2020,83.044,actual,Pahang,Negeri Sembilan
Pahang,Pahang,2020,1682.818,actual,Pahang,Pahang
Pahang,Pulau Pinang,2020,52.308,actual,Pahang,Penang
Pahang,Perak,2020,256.456,actual,Pahang,Perak
Pahang,Perlis,2020,11.127,actual,Pahang,Perlis
Pahang,Selangor,2020,133.212,actual,Pahang,Selangor
Pahang,Terengganu,2020,429.341,actual,Pahang,Terengganu
Pahang,Sabah,2020,6.176,actual,Pahang,Sabah
Pahang,Sarawak,2020,1.282,actual,Pahang,Sarawak
Pahang,W.P. Kuala Lumpur,2020,354.39,actual,Pahang,Kuala Lumpur
Pahang,W.P. Labuan,2020,0.0,actual,Pahang,Labuan
Pahang,W.P. Putrajaya,2020,9.675,actual,Pahang,Putrajaya
Pulau Pinang,Johor,2020,17.216,actual,Penang,Johor
Pulau Pinang,Kedah,2020,488.321,actual,Penang,Kedah
Pulau Pinang,Kelantan,2020,50.986,actual,Penang,Kelantan
Pulau Pinang,Melaka,2020,9.866,actual,Penang,Malacca
Pulau Pinang,Negeri Sembilan,2020,17.829,actual,Penang,Negeri Sembilan
Pulau Pinang,Pahang,2020,58.352,actual,Penang,Pahang
Pulau Pinang,Pulau Pinang,2020,747.09,actual,Penang,Penang
Pulau Pinang,Perak,2020,319.099,actual,Penang,Perak
Pulau Pinang,Perlis,2020,73.245,actual,Penang,Perlis
Pulau Pinang,Selangor,2020,217.245,actual,Penang,Selangor
Pulau Pinang,Terengganu,2020,27.854,actual,Penang,Terengganu
Pulau Pinang,Sabah,2020,24.416,actual,Penang,Sabah
Pulau Pinang,Sarawak,2020,8.876,actual,Penang,Sarawak
Pulau Pinang,W.P. Kuala Lumpur,2020,54.357,actual,Penang,Kuala Lumpur
Pulau Pinang,W.P. Labuan,2020,0.0,actual,Penang,Labuan
Pulau Pinang,W.P. Putrajaya,2020,3.897,actual,Penang,Putrajaya
Perak,Johor,2020,17.422,actual,Perak,Johor
Perak,Kedah,2020,266.288,actual,Perak,Kedah
Perak,Kelantan,2020,100.317,actual,Perak,Kelantan
Perak,Melaka,2020,146.734,actual,Perak,Malacca
Perak,Negeri Sembilan,2020,96.568,actual,Perak,Negeri Sembilan
Perak,Pahang,2020,314.33,actual,Perak,Pahang
Perak,Pulau Pinang,2020,491.015,actual,Perak,Penang
Perak,Perak,2020,1370.125,actual,Perak,Perak
Perak,Perlis,2020,74.79,actual,Perak,Perlis
Perak,Selangor,2020,438.864,actual,Perak,Selangor
Perak,Terengganu,2020,38.118,actual,Perak,Terengganu
Perak,Sabah,2020,159.351,actual,Perak,Sabah
Perak,Sarawak,2020,8.343,actual,Perak,Sarawak
Perak,W.P. Kuala Lumpur,2020,383.897,actual,Perak,Kuala Lumpur
Perak,W.P. Labuan,2020,0.0,actual,Perak,Labuan
Perak,W.P. Putrajaya,2020,133.446,actual,Perak,Putrajaya
Perlis,Johor,2020,9.706,actual,Perlis,Johor
Perlis,Kedah,2020,76.278,actual,Perlis,Kedah
Perlis,Kelantan,2020,12.018,actual,Perlis,Kelantan
Perlis,Melaka,2020,3.937,actual,Perlis,Malacca
Perlis,Negeri Sembilan,2020,26.334,actual,Perlis,Negeri Sembilan
Perlis,Pahang,2020,4.975,actual,Perlis,Pahang
Perlis,Pulau Pinang,2020,31.862,actual,Perlis,Penang
Perlis,Perak,2020,17.282,actual,Perlis,Perak
Perlis,Perlis,2020,8.044,actual,Perlis,Perlis
Perlis,Selangor,2020,22.673,actual,Perlis,Selangor
Perlis,Terengganu,2020,8.018,actual,Perlis,Terengganu
Perlis,Sabah,2020,1.526,actual,Perlis,Sabah
Perlis,Sarawak,2020,0.842,actual,Perlis,Sarawak
Perlis,W.P. Kuala Lumpur,2020,18.936,actual,Perlis,Kuala Lumpur
Perlis,W.P. Labuan,2020,0.0,actual,Perlis,Labuan
Perlis,W.P. Putrajaya,2020,0.917,actual,Perlis,Putrajaya
Selangor,Johor,2020,654.97,actual,Selangor,Johor
Selangor,Kedah,2020,710.189,actual,Selangor,Kedah
Selangor,Kelantan,2020,581.066,actual,Selangor,Kelantan
Selangor,Melaka,2020,1062.743,actual,Selangor,Malacca
Selangor,Negeri Sembilan,2020,1132.492,actual,Selangor,Negeri Sembilan
Selangor,Pahang,2020,1316.972,actual,Selangor,Pahang
Selangor,Pulau Pinang,2020,773.855,actual,Selangor,Penang
Selangor,Perak,2020,1332.508,actual,Selangor,Perak
Selangor,Perlis,2020,33.597,actual,Selangor,Perlis
Selangor,Selangor,2020,1419.176,actual,Selangor,Selangor
Selangor,Terengganu,2020,475.143,actual,Selangor,Terengganu
Selangor,Sabah,2020,135.907,actual,Selangor,Sabah
Selangor,Sarawak,2020,105.159,actual,Selangor,Sarawak
Selangor,W.P. Kuala Lumpur,2020,739.971,actual,Selangor,Kuala Lumpur
Selangor,W.P. Labuan,2020,3.259,actual,Selangor,Labuan
Selangor,W.P. Putrajaya,2020,3.248,actual,Selangor,Putrajaya
Terengganu,Johor,2020,61.752,actual,Terengganu,Johor
Terengganu,Kedah,2020,29.937,actual,Terengganu,Kedah
Terengganu,Kelantan,2020,421.893,actual,Terengganu,Kelantan
Terengganu,Melaka,2020,22.741,actual,Terengganu,Malacca
Terengganu,Negeri Sembilan,2020,16.964,actual,Terengganu,Negeri Sembilan
Terengganu,Pahang,2020,390.597,actual,Terengganu,Pahang
Terengganu,Pulau Pinang,2020,28.216,actual,Terengganu,Penang
Terengganu,Perak,2020,26.327,actual,Terengganu,Perak
Terengganu,Perlis,2020,6.606,actual,Terengganu,Perlis
Terengganu,Selangor,2020,116.029,actual,Terengganu,Selangor
Terengganu,Terengganu,2020,1102.307,actual,Terengganu,Terengganu
Terengganu,Sabah,2020,5.913,actual,Terengganu,Sabah
Terengganu,Sarawak,2020,5.217,actual,Terengganu,Sarawak
Terengganu,W.P. Kuala Lumpur,2020,125.649,actual,Terengganu,Kuala Lumpur
Terengganu,W.P. Labuan,2020,0.0,actual,Terengganu,Labuan
Terengganu,W.P. Putrajaya,2020,14.71,actual,Terengganu,Putrajaya
Sabah,Johor,2020,0.633,actual,Sabah,Johor
Sabah,Kedah,2020,76.01,actual,Sabah,Kedah
Sabah,Kelantan,2020,0.0,actual,Sabah,Kelantan
Sabah,Melaka,2020,0.0,actual,Sabah,Malacca
Sabah,Negeri Sembilan,2020,0.0,actual,Sabah,Negeri Sembilan
Sabah,Pahang,2020,38.042,actual,Sabah,Pahang
Sabah,Pulau Pinang,2020,14.892,actual,Sabah,Penang
Sabah,Perak,2020,0.0,actual,Sabah,Perak
Sabah,Perlis,2020,0.0,actual,Sabah,Perlis
Sabah,Selangor,2020,208.054,actual,Sabah,Selangor
Sabah,Terengganu,2020,0.0,actual,Sabah,Terengganu
Sabah,Sabah,2020,1985.5591604,actual,Sabah,Sabah
Sabah,Sarawak,2020,34.743,actual,Sabah,Sarawak
Sabah,W.P. Kuala Lumpur,2020,57.633,actual,Sabah,Kuala Lumpur
Sabah,W.P. Labuan,2020,34.6968396,actual,Sabah,Labuan
Sabah,W.P. Putrajaya,2020,0.0,actual,Sabah,Putrajaya
Sarawak,Johor,2020,7.808,actual,Sarawak,Johor
Sarawak,Kedah,2020,8.95,actual,Sarawak,Kedah
Sarawak,Kelantan,2020,16.187,actual,Sarawak,Kelantan
Sarawak,Melaka,2020,4.467,actual,Sarawak,Malacca
Sarawak,Negeri Sembilan,2020,0.0,actual,Sarawak,Negeri Sembilan
Sarawak,Pahang,2020,2.847,actual,Sarawak,Pahang
Sarawak,Pulau Pinang,2020,0.0,actual,Sarawak,Penang
Sarawak,Perak,2020,0.0,actual,Sarawak,Perak
Sarawak,Perlis,2020,0.0,actual,Sarawak,Perlis
Sarawak,Selangor,2020,135.408,actual,Sarawak,Selangor
Sarawak,Terengganu,2020,0.0,actual,Sarawak,Terengganu
Sarawak,Sabah,2020,10.932,actual,Sarawak,Sabah
Sarawak,Sarawak,2020,2345.9649487,actual,Sarawak,Sarawak
Sarawak,W.P. Kuala Lumpur,2020,79.552,actual,Sarawak,Kuala Lumpur
Sarawak,W.P. Labuan,2020,27.9490513,actual,Sarawak,Labuan
Sarawak,W.P. Putrajaya,2020,26.183,actual,Sarawak,Putrajaya
W.P. Kuala Lumpur,Johor,2020,439.839,actual,Kuala Lumpur,Johor
W.P. Kuala Lumpur,Kedah,2020,258.878,actual,Kuala Lumpur,Kedah
W.P. Kuala Lumpur,Kelantan,2020,336.923,actual,Kuala Lumpur,Kelantan
W.P. Kuala Lumpur,Melaka,2020,264.146,actual,Kuala Lumpur,Malacca
W.P. Kuala Lumpur,Negeri Sembilan,2020,271.144,actual,Kuala Lumpur,Negeri Sembilan
W.P. Kuala Lumpur,Pahang,2020,299.481,actual,Kuala Lumpur,Pahang
W.P. Kuala Lumpur,Pulau Pinang,2020,130.166,actual,Kuala Lumpur,Penang
W.P. Kuala Lumpur,Perak,2020,663.173,actual,Kuala Lumpur,Perak
W.P. Kuala Lumpur,Perlis,2020,4.124,actual,Kuala Lumpur,Perlis
W.P. Kuala Lumpur,Selangor,2020,1035.404,actual,Kuala Lumpur,Selangor
W.P. Kuala Lumpur,Terengganu,2020,82.861,actual,Kuala Lumpur,Terengganu
W.P. Kuala Lumpur,Sabah,2020,16.433,actual,Kuala Lumpur,Sabah
W.P. Kuala Lumpur,Sarawak,2020,15.068,actual,Kuala Lumpur,Sarawak
W.P. Kuala Lumpur,W.P. Kuala Lumpur,2020,660.868,actual,Kuala Lumpur,Kuala Lumpur
W.P. Kuala Lumpur,W.P. Labuan,2020,7.123,actual,Kuala Lumpur,Labuan
W.P. Kuala Lumpur,W.P. Putrajaya,2020,27.652,actual,Kuala Lumpur,Putrajaya
W.P. Labuan,Johor,2020,4.748,actual,Labuan,Johor
W.P. Labuan,Kedah,2020,0.0,actual,Labuan,Kedah
W.P. Labuan,Kelantan,2020,0.0,actual,Labuan,Kelantan
W.P. Labuan,Melaka,2020,0.0,actual,Labuan,Malacca
W.P. Labuan,Negeri Sembilan,2020,0.0,actual,Labuan,Negeri Sembilan
W.P. Labuan,Pahang,2020,0.0,actual,Labuan,Pahang
W.P. Labuan,Pulau Pinang,2020,0.0,actual,Labuan,Penang
W.P. Labuan,Perak,2020,0.0,actual,Labuan,Perak
W.P. Labuan,Perlis,2020,0.0,actual,Labuan,Perlis
W.P. Labuan,Selangor,2020,9.445,actual,Labuan,Selangor
W.P. Labuan,Terengganu,2020,0.0,actual,Labuan,Terengganu
W.P. Labuan,Sabah,2020,33.52,actual,Labuan,Sabah
W.P. Labuan,Sarawak,2020,0.0,actual,Labuan,Sarawak
W.P. Labuan,W.P. Kuala Lumpur,2020,0.0,actual,Labuan,Kuala Lumpur
W.P. Labuan,W.P. Labuan,2020,1.191,actual,Labuan,Labuan
W.P. Labuan,W.P. Putrajaya,2020,1.641,actual,Labuan,Putrajaya
W.P. Putrajaya,Johor,2020,32.579,actual,Putrajaya,Johor
W.P. Putrajaya,Kedah,2020,12.804,actual,Putrajaya,Kedah
W.P. Putrajaya,Kelantan,2020,12.006,actual,Putrajaya,Kelantan
W.P. Putrajaya,Melaka,2020,27.679,actual,Putrajaya,Malacca
W.P. Putrajaya,Negeri Sembilan,2020,13.049,actual,Putrajaya,Negeri Sembilan
W.P. Putrajaya,Pahang,2020,39.63,actual,Putrajaya,Pahang
W.P. Putrajaya,Pulau Pinang,2020,15.449,actual,Putrajaya,Penang
W.P. Putrajaya,Perak,2020,21.175,actual,Putrajaya,Perak
W.P. Putrajaya,Perlis,2020,1.618,actual,Putrajaya,Perlis
W.P. Putrajaya,Selangor,2020,7.262,actual,Putrajaya,Selangor
W.P. Putrajaya,Terengganu,2020,10.834,actual,Putrajaya,Terengganu
W.P. Putrajaya,Sabah,2020,2.975,actual,Putrajaya,Sabah
W.P. Putrajaya,Sarawak,2020,1.197,actual,Putrajaya,Sarawak
W.P. Putrajaya,W.P. Kuala Lumpur,2020,1.484,actual,Putrajaya,Kuala Lumpur
W.P. Putrajaya,W.P. Labuan,2020,0.782,actual,Putrajaya,Labuan
W.P. Putrajaya,W.P. Putrajaya,2020,2.794,actual,Putrajaya,Putrajaya
Johor,Johor,2021,1160.792,actual,Johor,Johor
Johor,Kedah,2021,13.88,actual,Johor,Kedah
Johor,Kelantan,2021,15.335,actual,Johor,Kelantan
Johor,Melaka,2021,63.397,actual,Johor,Malacca
Johor,Negeri Sembilan,2021,169.995,actual,Johor,Negeri Sembilan
Johor,Pahang,2021,168.811,actual,Johor,Pahang
Johor,Pulau Pinang,2021,89.884,actual,Johor,Penang
Johor,Perak,2021,46.615,actual,Johor,Perak
Johor,Perlis,2021,18.687,actual,Johor,Perlis
Johor,Selangor,2021,70.833,actual,Johor,Selangor
Johor,Terengganu,2021,55.437,actual,Johor,Terengganu
Johor,Sabah,2021,2.462,actual,Johor,Sabah
Johor,Sarawak,2021,4.886,actual,Johor,Sarawak
Johor,W.P. Kuala Lumpur,2021,41.653,actual,Johor,Kuala Lumpur
Johor,W.P. Labuan,2021,0.0,actual,Johor,Labuan
Johor,W.P. Putrajaya,2021,6.273,actual,Johor,Putrajaya
Kedah,Johor,2021,5.586,actual,Kedah,Johor
Kedah,Kedah,2021,323.303,actual,Kedah,Kedah
Kedah,Kelantan,2021,36.07,actual,Kedah,Kelantan
Kedah,Melaka,2021,60.165,actual,Kedah,Malacca
Kedah,Negeri Sembilan,2021,24.416,actual,Kedah,Negeri Sembilan
Kedah,Pahang,2021,32.989,actual,Kedah,Pahang
Kedah,Pulau Pinang,2021,42.034,actual,Kedah,Penang
Kedah,Perak,2021,102.388,actual,Kedah,Perak
Kedah,Perlis,2021,62.417,actual,Kedah,Perlis
Kedah,Selangor,2021,40.514,actual,Kedah,Selangor
Kedah,Terengganu,2021,11.58,actual,Kedah,Terengganu
Kedah,Sabah,2021,4.504,actual,Kedah,Sabah
Kedah,Sarawak,2021,6.679,actual,Kedah,Sarawak
Kedah,W.P. Kuala Lumpur,2021,71.902,actual,Kedah,Kuala Lumpur
Kedah,W.P. Labuan,2021,0.0,actual,Kedah,Labuan
Kedah,W.P. Putrajaya,2021,14.166,actual,Kedah,Putrajaya
Kelantan,Johor,2021,27.684,actual,Kelantan,Johor
Kelantan,Kedah,2021,14.717,actual,Kelantan,Kedah
Kelantan,Kelantan,2021,296.255,actual,Kelantan,Kelantan
Kelantan,Melaka,2021,22.683,actual,Kelantan,Malacca
Kelantan,Negeri Sembilan,2021,12.804,actual,Kelantan,Negeri Sembilan
Kelantan,Pahang,2021,64.116,actual,Kelantan,Pahang
Kelantan,Pulau Pinang,2021,11.793,actual,Kelantan,Penang
Kelantan,Perak,2021,30.115,actual,Kelantan,Perak
Kelantan,Perlis,2021,2.878,actual,Kelantan,Perlis
Kelantan,Selangor,2021,31.028,actual,Kelantan,Selangor
Kelantan,Terengganu,2021,105.846,actual,Kelantan,Terengganu
Kelantan,Sabah,2021,5.252,actual,Kelantan,Sabah
Kelantan,Sarawak,2021,2.943,actual,Kelantan,Sarawak
Kelantan,W.P. Kuala Lumpur,2021,21.45,actual,Kelantan,Kuala Lumpur
Kelantan,W.P. Labuan,2021,0.0,actual,Kelantan,Labuan
Kelantan,W.P. Putrajaya,2021,4.189,actual,Kelantan,Putrajaya
Melaka,Johor,2021,29.822,actual,Malacca,Johor
Melaka,Kedah,2021,48.806,actual,Malacca,Kedah
Melaka,Kelantan,2021,18.813,actual,Malacca,Kelantan
Melaka,Melaka,2021,141.083,actual,Malacca,Malacca
Melaka,Negeri Sembilan,2021,26.804,actual,Malacca,Negeri Sembilan
Melaka,Pahang,2021,34.229,actual,Malacca,Pahang
Melaka,Pulau Pinang,2021,9.66,actual,Malacca,Penang
Melaka,Perak,2021,7.836,actual,Malacca,Perak
Melaka,Perlis,2021,5.437,actual,Malacca,Perlis
Melaka,Selangor,2021,22.39,actual,Malacca,Selangor
Melaka,Terengganu,2021,27.968,actual,Malacca,Terengganu
Melaka,Sabah,2021,0.0,actual,Malacca,Sabah
Melaka,Sarawak,2021,0.0,actual,Malacca,Sarawak
Melaka,W.P. Kuala Lumpur,2021,35.637,actual,Malacca,Kuala Lumpur
Melaka,W.P. Labuan,2021,0.0,actual,Malacca,Labuan
Melaka,W.P. Putrajaya,2021,4.283,actual,Malacca,Putrajaya
Negeri Sembilan,Johor,2021,52.317,actual,Negeri Sembilan,Johor
Negeri Sembilan,Kedah,2021,11.197,actual,Negeri Sembilan,Kedah
Negeri Sembilan,Kelantan,2021,8.314,actual,Negeri Sembilan,Kelantan
Negeri Sembilan,Melaka,2021,126.344,actual,Negeri Sembilan,Malacca
Negeri Sembilan,Negeri Sembilan,2021,469.716,actual,Negeri Sembilan,Negeri Sembilan
Negeri Sembilan,Pahang,2021,8.108,actual,Negeri Sembilan,Pahang
Negeri Sembilan,Pulau Pinang,2021,12.682,actual,Negeri Sembilan,Penang
Negeri Sembilan,Perak,2021,12.322,actual,Negeri Sembilan,Perak
Negeri Sembilan,Perlis,2021,4.426,actual,Negeri Sembilan,Perlis
Negeri Sembilan,Selangor,2021,8.381,actual,Negeri Sembilan,Selangor
Negeri Sembilan,Terengganu,2021,5.331,actual,Negeri Sembilan,Terengganu
Negeri Sembilan,Sabah,2021,0.0,actual,Negeri Sembilan,Sabah
Negeri Sembilan,Sarawak,2021,12.097,actual,Negeri Sembilan,Sarawak
Negeri Sembilan,W.P. Kuala Lumpur,2021,28.224,actual,Negeri Sembilan,Kuala Lumpur
Negeri Sembilan,W.P. Labuan,2021,0.0,actual,Negeri Sembilan,Labuan
Negeri Sembilan,W.P. Putrajaya,2021,3.638,actual,Negeri Sembilan,Putrajaya
Pahang,Johor,2021,18.016,actual,Pahang,Johor
Pahang,Kedah,2021,5.245,actual,Pahang,Kedah
Pahang,Kelantan,2021,53.86,actual,Pahang,Kelantan
Pahang,Melaka,2021,11.158,actual,Pahang,Malacca
Pahang,Negeri Sembilan,2021,10.754,actual,Pahang,Negeri Sembilan
Pahang,Pahang,2021,600.341,actual,Pahang,Pahang
Pahang,Pulau Pinang,2021,14.557,actual,Pahang,Penang
Pahang,Perak,2021,19.663,actual,Pahang,Perak
Pahang,Perlis,2021,6.046,actual,Pahang,Perlis
Pahang,Selangor,2021,72.641,actual,Pahang,Selangor
Pahang,Terengganu,2021,80.888,actual,Pahang,Terengganu
Pahang,Sabah,2021,0.0,actual,Pahang,Sabah
Pahang,Sarawak,2021,10.222,actual,Pahang,Sarawak
Pahang,W.P. Kuala Lumpur,2021,77.469,actual,Pahang,Kuala Lumpur
Pahang,W.P. Labuan,2021,0.0,actual,Pahang,Labuan
Pahang,W.P. Putrajaya,2021,4.836,actual,Pahang,Putrajaya
Pulau Pinang,Johor,2021,21.305,actual,Penang,Johor
Pulau Pinang,Kedah,2021,163.129,actual,Penang,Kedah
Pulau Pinang,Kelantan,2021,26.852,actual,Penang,Kelantan
Pulau Pinang,Melaka,2021,11.356,actual,Penang,Malacca
Pulau Pinang,Negeri Sembilan,2021,8.953,actual,Penang,Negeri Sembilan
Pulau Pinang,Pahang,2021,33.351,actual,Penang,Pahang
Pulau Pinang,Pulau Pinang,2021,76.549,actual,Penang,Penang
Pulau Pinang,Perak,2021,103.29,actual,Penang,Perak
Pulau Pinang,Perlis,2021,13.899,actual,Penang,Perlis
Pulau Pinang,Selangor,2021,35.058,actual,Penang,Selangor
Pulau Pinang,Terengganu,2021,28.387,actual,Penang,Terengganu
Pulau Pinang,Sabah,2021,8.059,actual,Penang,Sabah
Pulau Pinang,Sarawak,2021,6.966,actual,Penang,Sarawak
Pulau Pinang,W.P. Kuala Lumpur,2021,96.267,actual,Penang,Kuala Lumpur
Pulau Pinang,W.P. Labuan,2021,0.0,actual,Penang,Labuan
Pulau Pinang,W.P. Putrajaya,2021,4.297,actual,Penang,Putrajaya
Perak,Johor,2021,51.114,actual,Perak,Johor
Perak,Kedah,2021,85.304,actual,Perak,Kedah
Perak,Kelantan,2021,56.782,actual,Perak,Kelantan
Perak,Melaka,2021,26.356,actual,Perak,Malacca
Perak,Negeri Sembilan,2021,2.681,actual,Perak,Negeri Sembilan
Perak,Pahang,2021,15.403,actual,Perak,Pahang
Perak,Pulau Pinang,2021,52.93,actual,Perak,Penang
Perak,Perak,2021,443.884,actual,Perak,Perak
Perak,Perlis,2021,2.04,actual,Perak,Perlis
Perak,Selangor,2021,16.686,actual,Perak,Selangor
Perak,Terengganu,2021,60.435,actual,Perak,Terengganu
Perak,Sabah,2021,8.725,actual,Perak,Sabah
Perak,Sarawak,2021,12.972,actual,Perak,Sarawak
Perak,W.P. Kuala Lumpur,2021,66.887,actual,Perak,Kuala Lumpur
Perak,W.P. Labuan,2021,3.584,actual,Perak,Labuan
Perak,W.P. Putrajaya,2021,11.417,actual,Perak,Putrajaya
Perlis,Johor,2021,7.075,actual,Perlis,Johor
Perlis,Kedah,2021,11.135,actual,Perlis,Kedah
Perlis,Kelantan,2021,1.469,actual,Perlis,Kelantan
Perlis,Melaka,2021,1.179,actual,Perlis,Malacca
Perlis,Negeri Sembilan,2021,2.434,actual,Perlis,Negeri Sembilan
Perlis,Pahang,2021,2.939,actual,Perlis,Pahang
Perlis,Pulau Pinang,2021,11.972,actual,Perlis,Penang
Perlis,Perak,2021,13.059,actual,Perlis,Perak
Perlis,Perlis,2021,1.958,actual,Perlis,Perlis
Perlis,Selangor,2021,8.704,actual,Perlis,Selangor
Perlis,Terengganu,2021,3.255,actual,Perlis,Terengganu
Perlis,Sabah,2021,0.0,actual,Perlis,Sabah
Perlis,Sarawak,2021,0.0,actual,Perlis,Sarawak
Perlis,W.P. Kuala Lumpur,2021,3.092,actual,Perlis,Kuala Lumpur
Perlis,W.P. Labuan,2021,0.0,actual,Perlis,Labuan
Perlis,W.P. Putrajaya,2021,1.044,actual,Perlis,Putrajaya
Selangor,Johor,2021,263.633,actual,Selangor,Johor
Selangor,Kedah,2021,122.427,actual,Selangor,Kedah
Selangor,Kelantan,2021,254.644,actual,Selangor,Kelantan
Selangor,Melaka,2021,401.226,actual,Selangor,Malacca
Selangor,Negeri Sembilan,2021,193.514,actual,Selangor,Negeri Sembilan
Selangor,Pahang,2021,160.348,actual,Selangor,Pahang
Selangor,Pulau Pinang,2021,234.731,actual,Selangor,Penang
Selangor,Perak,2021,298.925,actual,Selangor,Perak
Selangor,Perlis,2021,1.916,actual,Selangor,Perlis
Selangor,Selangor,2021,524.465,actual,Selangor,Selangor
Selangor,Terengganu,2021,223.928,actual,Selangor,Terengganu
Selangor,Sabah,2021,41.346,actual,Selangor,Sabah
Selangor,Sarawak,2021,50.059,actual,Selangor,Sarawak
Selangor,W.P. Kuala Lumpur,2021,191.647,actual,Selangor,Kuala Lumpur
Selangor,W.P. Labuan,2021,0.0,actual,Selangor,Labuan
Selangor,W.P. Putrajaya,2021,11.548,actual,Selangor,Putrajaya
Terengganu,Johor,2021,14.289,actual,Terengganu,Johor
Terengganu,Kedah,2021,22.895,actual,Terengganu,Kedah
Terengganu,Kelantan,2021,33.675,actual,Terengganu,Kelantan
Terengganu,Melaka,2021,1.596,actual,Terengganu,Malacca
Terengganu,Negeri Sembilan,2021,20.513,actual,Terengganu,Negeri Sembilan
Terengganu,Pahang,2021,41.629,actual,Terengganu,Pahang
Terengganu,Pulau Pinang,2021,12.44,actual,Terengganu,Penang
Terengganu,Perak,2021,23.495,actual,Terengganu,Perak
Terengganu,Perlis,2021,2.582,actual,Terengganu,Perlis
Terengganu,Selangor,2021,65.694,actual,Terengganu,Selangor
Terengganu,Terengganu,2021,494.251,actual,Terengganu,Terengganu
Terengganu,Sabah,2021,7.964,actual,Terengganu,Sabah
Terengganu,Sarawak,2021,9.311,actual,Terengganu,Sarawak
Terengganu,W.P. Kuala Lumpur,2021,38.257,actual,Terengganu,Kuala Lumpur
Terengganu,W.P. Labuan,2021,0.0,actual,Terengganu,Labuan
Terengganu,W.P. Putrajaya,2021,12.851,actual,Terengganu,Putrajaya
Sabah,Johor,2021,4.093,actual,Sabah,Johor
Sabah,Kedah,2021,17.192,actual,Sabah,Kedah
Sabah,Kelantan,2021,0.0,actual,Sabah,Kelantan
Sabah,Melaka,2021,0.0,actual,Sabah,Malacca
Sabah,Negeri Sembilan,2021,0.0,actual,Sabah,Negeri Sembilan
Sabah,Pahang,2021,0.0,actual,Sabah,Pahang
Sabah,Pulau Pinang,2021,9.578,actual,Sabah,Penang
Sabah,Perak,2021,0.0,actual,Sabah,Perak
Sabah,Perlis,2021,0.0,actual,Sabah,Perlis
Sabah,Selangor,2021,11.257,actual,Sabah,Selangor
Sabah,Terengganu,2021,0.0,actual,Sabah,Terengganu
Sabah,Sabah,2021,946.578,actual,Sabah,Sabah
Sabah,Sarawak,2021,28.132,actual,Sabah,Sarawak
Sabah,W.P. Kuala Lumpur,2021,27.22,actual,Sabah,Kuala Lumpur
Sabah,W.P. Labuan,2021,9.363,actual,Sabah,Labuan
Sabah,W.P. Putrajaya,2021,6.426,actual,Sabah,Putrajaya
Sarawak,Johor,2021,4.595,actual,Sarawak,Johor
Sarawak,Kedah,2021,5.774,actual,Sarawak,Kedah
Sarawak,Kelantan,2021,0.0,actual,Sarawak,Kelantan
Sarawak,Melaka,2021,7.774,actual,Sarawak,Malacca
Sarawak,Negeri Sembilan,2021,3.709,actual,Sarawak,Negeri Sembilan
Sarawak,Pahang,2021,0.0,actual,Sarawak,Pahang
Sarawak,Pulau Pinang,2021,35.043,actual,Sarawak,Penang
Sarawak,Perak,2021,0.0,actual,Sarawak,Perak
Sarawak,Perlis,2021,0.0,actual,Sarawak,Perlis
Sarawak,Selangor,2021,19.202,actual,Sarawak,Selangor
Sarawak,Terengganu,2021,0.0,actual,Sarawak,Terengganu
Sarawak,Sabah,2021,26.981,actual,Sarawak,Sabah
Sarawak,Sarawak,2021,884.858,actual,Sarawak,Sarawak
Sarawak,W.P. Kuala Lumpur,2021,26.516,actual,Sarawak,Kuala Lumpur
Sarawak,W.P. Labuan,2021,9.746,actual,Sarawak,Labuan
Sarawak,W.P. Putrajaya,2021,4.733,actual,Sarawak,Putrajaya
W.P. Kuala Lumpur,Johor,2021,108.193,actual,Kuala Lumpur,Johor
W.P. Kuala Lumpur,Kedah,2021,185.679,actual,Kuala Lumpur,Kedah
W.P. Kuala Lumpur,Kelantan,2021,30.441,actual,Kuala Lumpur,Kelantan
W.P. Kuala Lumpur,Melaka,2021,115.406,actual,Kuala Lumpur,Malacca
W.P. Kuala Lumpur,Negeri Sembilan,2021,255.765,actual,Kuala Lumpur,Negeri Sembilan
W.P. Kuala Lumpur,Pahang,2021,100.324,actual,Kuala Lumpur,Pahang
W.P. Kuala Lumpur,Pulau Pinang,2021,94.326,actual,Kuala Lumpur,Penang
W.P. Kuala Lumpur,Perak,2021,247.212,actual,Kuala Lumpur,Perak
W.P. Kuala Lumpur,Perlis,2021,3.103,actual,Kuala Lumpur,Perlis
W.P. Kuala Lumpur,Selangor,2021,279.74,actual,Kuala Lumpur,Selangor
W.P. Kuala Lumpur,Terengganu,2021,28.425,actual,Kuala Lumpur,Terengganu
W.P. Kuala Lumpur,Sabah,2021,13.83,actual,Kuala Lumpur,Sabah
W.P. Kuala Lumpur,Sarawak,2021,57.13,actual,Kuala Lumpur,Sarawak
W.P. Kuala Lumpur,W.P. Kuala Lumpur,2021,193.848,actual,Kuala Lumpur,Kuala Lumpur
W.P. Kuala Lumpur,W.P. Labuan,2021,4.453,actual,Kuala Lumpur,Labuan
W.P. Kuala Lumpur,W.P. Putrajaya,2021,13.004,actual,Kuala Lumpur,Putrajaya
W.P. Labuan,Johor,2021,0.0,actual,Labuan,Johor
W.P. Labuan,Kedah,2021,1.81,actual,Labuan,Kedah
W.P. Labuan,Kelantan,2021,0.0,actual,Labuan,Kelantan
W.P. Labuan,Melaka,2021,0.0,actual,Labuan,Malacca
W.P. Labuan,Negeri Sembilan,2021,0.0,actual,Labuan,Negeri Sembilan
W.P. Labuan,Pahang,2021,0.0,actual,Labuan,Pahang
W.P. Labuan,Pulau Pinang,2021,0.0,actual,Labuan,Penang
W.P. Labuan,Perak,2021,0.0,actual,Labuan,Perak
W.P. Labuan,Perlis,2021,0.0,actual,Labuan,Perlis
W.P. Labuan,Selangor,2021,0.0,actual,Labuan,Selangor
W.P. Labuan,Terengganu,2021,0.0,actual,Labuan,Terengganu
W.P. Labuan,Sabah,2021,2.453,actual,Labuan,Sabah
W.P. Labuan,Sarawak,2021,0.0,actual,Labuan,Sarawak
W.P. Labuan,W.P. Kuala Lumpur,2021,0.0,actual,Labuan,Kuala Lumpur
W.P. Labuan,W.P. Labuan,2021,0.0,actual,Labuan,Labuan
W.P. Labuan,W.P. Putrajaya,2021,0.0,actual,Labuan,Putrajaya
W.P. Putrajaya,Johor,2021,2.864,actual,Putrajaya,Johor
W.P. Putrajaya,Kedah,2021,4.262,actual,Putrajaya,Kedah
W.P. Putrajaya,Kelantan,2021,9.249,actual,Putrajaya,Kelantan
W.P. Putrajaya,Melaka,2021,5.497,actual,Putrajaya,Malacca
W.P. Putrajaya,Negeri Sembilan,2021,7.231,actual,Putrajaya,Negeri Sembilan
W.P. Putrajaya,Pahang,2021,11.198,actual,Putrajaya,Pahang
W.P. Putrajaya,Pulau Pinang,2021,4.561,actual,Putrajaya,Penang
W.P. Putrajaya,Perak,2021,7.649,actual,Putrajaya,Perak
W.P. Putrajaya,Perlis,2021,3.855,actual,Putrajaya,Perlis
W.P. Putrajaya,Selangor,2021,0.773,actual,Putrajaya,Selangor
W.P. Putrajaya,Terengganu,2021,14.301,actual,Putrajaya,Terengganu
W.P. Putrajaya,Sabah,2021,0.722,actual,Putrajaya,Sabah
W.P. Putrajaya,Sarawak,2021,0.38,actual,Putrajaya,Sarawak
W.P. Putrajaya,W.P. Kuala Lumpur,2021,2.344,actual,Putrajaya,Kuala Lumpur
W.P. Putrajaya,W.P. Labuan,2021,0.0,actual,Putrajaya,Labuan
W.P. Putrajaya,W.P. Putrajaya,2021,1.032,actual,Putrajaya,Putrajaya
Johor,Johor,2022,1999.427,actual,Johor,Johor
Johor,Kedah,2022,628.52,actual,Johor,Kedah
Johor,Kelantan,2022,486.13,actual,Johor,Kelantan
Johor,Melaka,2022,717.314,actual,Johor,Malacca
Johor,Negeri Sembilan,2022,460.621,actual,Johor,Negeri Sembilan
Johor,Pahang,2022,429.28,actual,Johor,Pahang
Johor,Pulau Pinang,2022,167.187,actual,Johor,Penang
Johor,Perak,2022,284.141,actual,Johor,Perak
Johor,Perlis,2022,78.514,actual,Johor,Perlis
Johor,Selangor,2022,441.541,actual,Johor,Selangor
Johor,Terengganu,2022,162.787,actual,Johor,Terengganu
Johor,Sabah,2022,27.937,actual,Johor,Sabah
Johor,Sarawak,2022,13.632,actual,Johor,Sarawak
Johor,W.P. Kuala Lumpur,2022,484.932,actual,Johor,Kuala Lumpur
Johor,W.P. Labuan,2022,5.689,actual,Johor,Labuan
Johor,W.P. Putrajaya,2022,63.131,actual,Johor,Putrajaya
Kedah,Johor,2022,134.496,actual,Kedah,Johor
Kedah,Kedah,2022,2214.923,actual,Kedah,Kedah
Kedah,Kelantan,2022,204.534,actual,Kedah,Kelantan
Kedah,Melaka,2022,124.096,actual,Kedah,Malacca
Kedah,Negeri Sembilan,2022,56.088,actual,Kedah,Negeri Sembilan
Kedah,Pahang,2022,207.303,actual,Kedah,Pahang
Kedah,Pulau Pinang,2022,290.949,actual,Kedah,Penang
Kedah,Perak,2022,409.295,actual,Kedah,Perak
Kedah,Perlis,2022,155.594,actual,Kedah,Perlis
Kedah,Selangor,2022,211.435,actual,Kedah,Selangor
Kedah,Terengganu,2022,87.476,actual,Kedah,Terengganu
Kedah,Sabah,2022,17.578,actual,Kedah,Sabah
Kedah,Sarawak,2022,3.461,actual,Kedah,Sarawak
Kedah,W.P. Kuala Lumpur,2022,182.047,actual,Kedah,Kuala Lumpur
Kedah,W.P. Labuan,2022,1.056,actual,Kedah,Labuan
Kedah,W.P. Putrajaya,2022,17.542,actual,Kedah,Putrajaya
Kelantan,Johor,2022,167.817,actual,Kelantan,Johor
Kelantan,Kedah,2022,53.204,actual,Kelantan,Kedah
Kelantan,Kelantan,2022,454.443,actual,Kelantan,Kelantan
Kelantan,Melaka,2022,102.667,actual,Kelantan,Malacca
Kelantan,Negeri Sembilan,2022,31.519,actual,Kelantan,Negeri Sembilan
Kelantan,Pahang,2022,346.541,actual,Kelantan,Pahang
Kelantan,Pulau Pinang,2022,147.006,actual,Kelantan,Penang
Kelantan,Perak,2022,165.645,actual,Kelantan,Perak
Kelantan,Perlis,2022,25.117,actual,Kelantan,Perlis
Kelantan,Selangor,2022,544.923,actual,Kelantan,Selangor
Kelantan,Terengganu,2022,339.387,actual,Kelantan,Terengganu
Kelantan,Sabah,2022,35.491,actual,Kelantan,Sabah
Kelantan,Sarawak,2022,18.663,actual,Kelantan,Sarawak
Kelantan,W.P. Kuala Lumpur,2022,327.606,actual,Kelantan,Kuala Lumpur
Kelantan,W.P. Labuan,2022,3.337,actual,Kelantan,Labuan
Kelantan,W.P. Putrajaya,2022,50.81,actual,Kelantan,Putrajaya
Melaka,Johor,2022,355.441,actual,Malacca,Johor
Melaka,Kedah,2022,74.543,actual,Malacca,Kedah
Melaka,Kelantan,2022,63.556,actual,Malacca,Kelantan
Melaka,Melaka,2022,318.922,actual,Malacca,Malacca
Melaka,Negeri Sembilan,2022,216.554,actual,Malacca,Negeri Sembilan
Melaka,Pahang,2022,260.574,actual,Malacca,Pahang
Melaka,Pulau Pinang,2022,101.995,actual,Malacca,Penang
Melaka,Perak,2022,108.426,actual,Malacca,Perak
Melaka,Perlis,2022,4.281,actual,Malacca,Perlis
Melaka,Selangor,2022,398.74,actual,Malacca,Selangor
Melaka,Terengganu,2022,101.708,actual,Malacca,Terengganu
Melaka,Sabah,2022,22.381,actual,Malacca,Sabah
Melaka,Sarawak,2022,3.845,actual,Malacca,Sarawak
Melaka,W.P. Kuala Lumpur,2022,107.802,actual,Malacca,Kuala Lumpur
Melaka,W.P. Labuan,2022,0.153,actual,Malacca,Labuan
Melaka,W.P. Putrajaya,2022,9.632,actual,Malacca,Putrajaya
Negeri Sembilan,Johor,2022,385.865,actual,Negeri Sembilan,Johor
Negeri Sembilan,Kedah,2022,114.145,actual,Negeri Sembilan,Kedah
Negeri Sembilan,Kelantan,2022,182.492,actual,Negeri Sembilan,Kelantan
Negeri Sembilan,Melaka,2022,394.611,actual,Negeri Sembilan,Malacca
Negeri Sembilan,Negeri Sembilan,2022,896.699,actual,Negeri Sembilan,Negeri Sembilan
Negeri Sembilan,Pahang,2022,533.173,actual,Negeri Sembilan,Pahang
Negeri Sembilan,Pulau Pinang,2022,189.219,actual,Negeri Sembilan,Penang
Negeri Sembilan,Perak,2022,210.959,actual,Negeri Sembilan,Perak
Negeri Sembilan,Perlis,2022,23.493,actual,Negeri Sembilan,Perlis
Negeri Sembilan,Selangor,2022,240.417,actual,Negeri Sembilan,Selangor
Negeri Sembilan,Terengganu,2022,220.746,actual,Negeri Sembilan,Terengganu
Negeri Sembilan,Sabah,2022,14.447,actual,Negeri Sembilan,Sabah
Negeri Sembilan,Sarawak,2022,15.203,actual,Negeri Sembilan,Sarawak
Negeri Sembilan,W.P. Kuala Lumpur,2022,105.939,actual,Negeri Sembilan,Kuala Lumpur
Negeri Sembilan,W.P. Labuan,2022,4.544,actual,Negeri Sembilan,Labuan
Negeri Sembilan,W.P. Putrajaya,2022,18.18,actual,Negeri Sembilan,Putrajaya
Pahang,Johor,2022,430.093,actual,Pahang,Johor
Pahang,Kedah,2022,84.856,actual,Pahang,Kedah
Pahang,Kelantan,2022,454.674,actual,Pahang,Kelantan
Pahang,Melaka,2022,142.37,actual,Pahang,Malacca
Pahang,Negeri Sembilan,2022,205.083,actual,Pahang,Negeri Sembilan
Pahang,Pahang,2022,2079.678,actual,Pahang,Pahang
Pahang,Pulau Pinang,2022,117.095,actual,Pahang,Penang
Pahang,Perak,2022,191.441,actual,Pahang,Perak
Pahang,Perlis,2022,37.434,actual,Pahang,Perlis
Pahang,Selangor,2022,422.459,actual,Pahang,Selangor
Pahang,Terengganu,2022,729.74,actual,Pahang,Terengganu
Pahang,Sabah,2022,29.596,actual,Pahang,Sabah
Pahang,Sarawak,2022,4.169,actual,Pahang,Sarawak
Pahang,W.P. Kuala Lumpur,2022,376.728,actual,Pahang,Kuala Lumpur
Pahang,W.P. Labuan,2022,7.423,actual,Pahang,Labuan
Pahang,W.P. Putrajaya,2022,51.867,actual,Pahang,Putrajaya
Pulau Pinang,Johor,2022,36.6,actual,Penang,Johor
Pulau Pinang,Kedah,2022,433.95,actual,Penang,Kedah
Pulau Pinang,Kelantan,2022,70.297,actual,Penang,Kelantan
Pulau Pinang,Melaka,2022,60.315,actual,Penang,Malacca
Pulau Pinang,Negeri Sembilan,2022,30.041,actual,Penang,Negeri Sembilan
Pulau Pinang,Pahang,2022,214.661,actual,Penang,Pahang
Pulau Pinang,Pulau Pinang,2022,832.082,actual,Penang,Penang
Pulau Pinang,Perak,2022,348.879,actual,Penang,Perak
Pulau Pinang,Perlis,2022,129.598,actual,Penang,Perlis
Pulau Pinang,Selangor,2022,128.702,actual,Penang,Selangor
Pulau Pinang,Terengganu,2022,101.361,actual,Penang,Terengganu
Pulau Pinang,Sabah,2022,24.593,actual,Penang,Sabah
Pulau Pinang,Sarawak,2022,24.601,actual,Penang,Sarawak
Pulau Pinang,W.P. Kuala Lumpur,2022,381.174,actual,Penang,Kuala Lumpur
Pulau Pinang,W.P. Labuan,2022,0.167,actual,Penang,Labuan
Pulau Pinang,W.P. Putrajaya,2022,34.439,actual,Penang,Putrajaya
Perak,Johor,2022,150.055,actual,Perak,Johor
Perak,Kedah,2022,413.523,actual,Perak,Kedah
Perak,Kelantan,2022,43.169,actual,Perak,Kelantan
Perak,Melaka,2022,182.635,actual,Perak,Malacca
Perak,Negeri Sembilan,2022,64.395,actual,Perak,Negeri Sembilan
Perak,Pahang,2022,200.533,actual,Perak,Pahang
Perak,Pulau Pinang,2022,153.71,actual,Perak,Penang
Perak,Perak,2022,1308.725,actual,Perak,Perak
Perak,Perlis,2022,42.116,actual,Perak,Perlis
Perak,Selangor,2022,343.764,actual,Perak,Selangor
Perak,Terengganu,2022,70.639,actual,Perak,Terengganu
Perak,Sabah,2022,17.472,actual,Perak,Sabah
Perak,Sarawak,2022,64.599,actual,Perak,Sarawak
Perak,W.P. Kuala Lumpur,2022,424.855,actual,Perak,Kuala Lumpur
Perak,W.P. Labuan,2022,4.008,actual,Perak,Labuan
Perak,W.P. Putrajaya,2022,51.154,actual,Perak,Putrajaya
Perlis,Johor,2022,4.007,actual,Perlis,Johor
Perlis,Kedah,2022,88.044,actual,Perlis,Kedah
Perlis,Kelantan,2022,33.567,actual,Perlis,Kelantan
Perlis,Melaka,2022,3.16,actual,Perlis,Malacca
Perlis,Negeri Sembilan,2022,4.391,actual,Perlis,Negeri Sembilan
Perlis,Pahang,2022,6.854,actual,Perlis,Pahang
Perlis,Pulau Pinang,2022,49.579,actual,Perlis,Penang
Perlis,Perak,2022,59.811,actual,Perlis,Perak
Perlis,Perlis,2022,23.931,actual,Perlis,Perlis
Perlis,Selangor,2022,31.458,actual,Perlis,Selangor
Perlis,Terengganu,2022,5.644,actual,Perlis,Terengganu
Perlis,Sabah,2022,0.855,actual,Perlis,Sabah
Perlis,Sarawak,2022,1.86,actual,Perlis,Sarawak
Perlis,W.P. Kuala Lumpur,2022,41.002,actual,Perlis,Kuala Lumpur
Perlis,W.P. Labuan,2022,2.303,actual,Perlis,Labuan
Perlis,W.P. Putrajaya,2022,1.243,actual,Perlis,Putrajaya
Selangor,Johor,2022,1708.648,actual,Selangor,Johor
Selangor,Kedah,2022,1019.032,actual,Selangor,Kedah
Selangor,Kelantan,2022,795.433,actual,Selangor,Kelantan
Selangor,Melaka,2022,1639.098,actual,Selangor,Malacca
Selangor,Negeri Sembilan,2022,1010.262,actual,Selangor,Negeri Sembilan
Selangor,Pahang,2022,2322.125,actual,Selangor,Pahang
Selangor,Pulau Pinang,2022,1058.05,actual,Selangor,Penang
Selangor,Perak,2022,2628.658,actual,Selangor,Perak
Selangor,Perlis,2022,117.07,actual,Selangor,Perlis
Selangor,Selangor,2022,2505.445,actual,Selangor,Selangor
Selangor,Terengganu,2022,883.18,actual,Selangor,Terengganu
Selangor,Sabah,2022,120.859,actual,Selangor,Sabah
Selangor,Sarawak,2022,100.811,actual,Selangor,Sarawak
Selangor,W.P. Kuala Lumpur,2022,879.115,actual,Selangor,Kuala Lumpur
Selangor,W.P. Labuan,2022,4.491,actual,Selangor,Labuan
Selangor,W.P. Putrajaya,2022,37.191,actual,Selangor,Putrajaya
Terengganu,Johor,2022,32.507,actual,Terengganu,Johor
Terengganu,Kedah,2022,15.281,actual,Terengganu,Kedah
Terengganu,Kelantan,2022,231.307,actual,Terengganu,Kelantan
Terengganu,Melaka,2022,19.126,actual,Terengganu,Malacca
Terengganu,Negeri Sembilan,2022,19.361,actual,Terengganu,Negeri Sembilan
Terengganu,Pahang,2022,52.814,actual,Terengganu,Pahang
Terengganu,Pulau Pinang,2022,24.039,actual,Terengganu,Penang
Terengganu,Perak,2022,19.196,actual,Terengganu,Perak
Terengganu,Perlis,2022,8.407,actual,Terengganu,Perlis
Terengganu,Selangor,2022,20.529,actual,Terengganu,Selangor
Terengganu,Terengganu,2022,805.296,actual,Terengganu,Terengganu
Terengganu,Sabah,2022,15.764,actual,Terengganu,Sabah
Terengganu,Sarawak,2022,8.562,actual,Terengganu,Sarawak
Terengganu,W.P. Kuala Lumpur,2022,188.33,actual,Terengganu,Kuala Lumpur
Terengganu,W.P. Labuan,2022,0.875,actual,Terengganu,Labuan
Terengganu,W.P. Putrajaya,2022,10.96,actual,Terengganu,Putrajaya
Sabah,Johor,2022,75.173,actual,Sabah,Johor
Sabah,Kedah,2022,24.276,actual,Sabah,Kedah
Sabah,Kelantan,2022,9.475,actual,Sabah,Kelantan
Sabah,Melaka,2022,5.958,actual,Sabah,Malacca
Sabah,Negeri Sembilan,2022,10.747,actual,Sabah,Negeri Sembilan
Sabah,Pahang,2022,7.831,actual,Sabah,Pahang
Sabah,Pulau Pinang,2022,2.925,actual,Sabah,Penang
Sabah,Perak,2022,35.755,actual,Sabah,Perak
Sabah,Perlis,2022,2.535,actual,Sabah,Perlis
Sabah,Selangor,2022,127.756,actual,Sabah,Selangor
Sabah,Terengganu,2022,22.289,actual,Sabah,Terengganu
Sabah,Sabah,2022,3182.843,actual,Sabah,Sabah
Sabah,Sarawak,2022,13.776,actual,Sabah,Sarawak
Sabah,W.P. Kuala Lumpur,2022,267.278,actual,Sabah,Kuala Lumpur
Sabah,W.P. Labuan,2022,50.41,actual,Sabah,Labuan
Sabah,W.P. Putrajaya,2022,3.566,actual,Sabah,Putrajaya
Sarawak,Johor,2022,24.682,actual,Sarawak,Johor
Sarawak,Kedah,2022,17.629,actual,Sarawak,Kedah
Sarawak,Kelantan,2022,4.867,actual,Sarawak,Kelantan
Sarawak,Melaka,2022,16.894,actual,Sarawak,Malacca
Sarawak,Negeri Sembilan,2022,4.148,actual,Sarawak,Negeri Sembilan
Sarawak,Pahang,2022,8.878,actual,Sarawak,Pahang
Sarawak,Pulau Pinang,2022,45.711,actual,Sarawak,Penang
Sarawak,Perak,2022,54.914,actual,Sarawak,Perak
Sarawak,Perlis,2022,23.334,actual,Sarawak,Perlis
Sarawak,Selangor,2022,68.871,actual,Sarawak,Selangor
Sarawak,Terengganu,2022,9.227,actual,Sarawak,Terengganu
Sarawak,Sabah,2022,166.585,actual,Sarawak,Sabah
Sarawak,Sarawak,2022,3685.904,actual,Sarawak,Sarawak
Sarawak,W.P. Kuala Lumpur,2022,195.039,actual,Sarawak,Kuala Lumpur
Sarawak,W.P. Labuan,2022,25.86,actual,Sarawak,Labuan
Sarawak,W.P. Putrajaya,2022,0.176,actual,Sarawak,Putrajaya
W.P. Kuala Lumpur,Johor,2022,718.528,actual,Kuala Lumpur,Johor
W.P. Kuala Lumpur,Kedah,2022,401.7,actual,Kuala Lumpur,Kedah
W.P. Kuala Lumpur,Kelantan,2022,501.948,actual,Kuala Lumpur,Kelantan
W.P. Kuala Lumpur,Melaka,2022,814.257,actual,Kuala Lumpur,Malacca
W.P. Kuala Lumpur,Negeri Sembilan,2022,731.637,actual,Kuala Lumpur,Negeri Sembilan
W.P. Kuala Lumpur,Pahang,2022,1098.075,actual,Kuala Lumpur,Pahang
W.P. Kuala Lumpur,Pulau Pinang,2022,296.422,actual,Kuala Lumpur,Penang
W.P. Kuala Lumpur,Perak,2022,1009.571,actual,Kuala Lumpur,Perak
W.P. Kuala Lumpur,Perlis,2022,36.775,actual,Kuala Lumpur,Perlis
W.P. Kuala Lumpur,Selangor,2022,883.514,actual,Kuala Lumpur,Selangor
W.P. Kuala Lumpur,Terengganu,2022,127.459,actual,Kuala Lumpur,Terengganu
W.P. Kuala Lumpur,Sabah,2022,72.479,actual,Kuala Lumpur,Sabah
W.P. Kuala Lumpur,Sarawak,2022,24.896,actual,Kuala Lumpur,Sarawak
W.P. Kuala Lumpur,W.P. Kuala Lumpur,2022,128.26,actual,Kuala Lumpur,Kuala Lumpur
W.P. Kuala Lumpur,W.P. Labuan,2022,0.074,actual,Kuala Lumpur,Labuan
W.P. Kuala Lumpur,W.P. Putrajaya,2022,17.903,actual,Kuala Lumpur,Putrajaya
W.P. Labuan,Johor,2022,5.287,actual,Labuan,Johor
W.P. Labuan,Kedah,2022,3.731,actual,Labuan,Kedah
W.P. Labuan,Kelantan,2022,2.219,actual,Labuan,Kelantan
W.P. Labuan,Melaka,2022,1.749,actual,Labuan,Malacca
W.P. Labuan,Negeri Sembilan,2022,1.269,actual,Labuan,Negeri Sembilan
W.P. Labuan,Pahang,2022,0.249,actual,Labuan,Pahang
W.P. Labuan,Pulau Pinang,2022,1.55,actual,Labuan,Penang
W.P. Labuan,Perak,2022,0.431,actual,Labuan,Perak
W.P. Labuan,Perlis,2022,0.053,actual,Labuan,Perlis
W.P. Labuan,Selangor,2022,10.987,actual,Labuan,Selangor
W.P. Labuan,Terengganu,2022,1.948,actual,Labuan,Terengganu
W.P. Labuan,Sabah,2022,70.544,actual,Labuan,Sabah
W.P. Labuan,Sarawak,2022,4.52,actual,Labuan,Sarawak
W.P. Labuan,W.P. Kuala Lumpur,2022,3.22,actual,Labuan,Kuala Lumpur
W.P. Labuan,W.P. Labuan,2022,0.986,actual,Labuan,Labuan
W.P. Labuan,W.P. Putrajaya,2022,0.128,actual,Labuan,Putrajaya
W.P. Putrajaya,Johor,2022,25.19,actual,Putrajaya,Johor
W.P. Putrajaya,Kedah,2022,7.245,actual,Putrajaya,Kedah
W.P. Putrajaya,Kelantan,2022,6.655,actual,Putrajaya,Kelantan
W.P. Putrajaya,Melaka,2022,16.152,actual,Putrajaya,Malacca
W.P. Putrajaya,Negeri Sembilan,2022,18.005,actual,Putrajaya,Negeri Sembilan
W.P. Putrajaya,Pahang,2022,25.544,actual,Putrajaya,Pahang
W.P. Putrajaya,Pulau Pinang,2022,6.71,actual,Putrajaya,Penang
W.P. Putrajaya,Perak,2022,30.673,actual,Putrajaya,Perak
W.P. Putrajaya,Perlis,2022,2.739,actual,Putrajaya,Perlis
W.P. Putrajaya,Selangor,2022,8.243,actual,Putrajaya,Selangor
W.P. Putrajaya,Terengganu,2022,20.456,actual,Putrajaya,Terengganu
W.P. Putrajaya,Sabah,2022,3.622,actual,Putrajaya,Sabah
W.P. Putrajaya,Sarawak,2022,0.377,actual,Putrajaya,Sarawak
W.P. Putrajaya,W.P. Kuala Lumpur,2022,23.768,actual,Putrajaya,Kuala Lumpur
W.P. Putrajaya,W.P. Labuan,2022,0.282,actual,Putrajaya,Labuan
W.P. Putrajaya,W.P. Putrajaya,2022,0.067,actual,Putrajaya,Putrajaya
Johor,Johor,2023,4415.957,actual,Johor,Johor
Johor,Kedah,2023,287.28,actual,Johor,Kedah
Johor,Kelantan,2023,227.617,actual,Johor,Kelantan
Johor,Melaka,2023,961.124,actual,Johor,Malacca
Johor,Negeri Sembilan,2023,506.846,actual,Johor,Negeri Sembilan
Johor,Pahang,2023,581.836,actual,Johor,Pahang
Johor,Pulau Pinang,2023,312.678,actual,Johor,Penang
Johor,Perak,2023,426.092,actual,Johor,Perak
Johor,Perlis,2023,12.144,actual,Johor,Perlis
Johor,Selangor,2023,574.624,actual,Johor,Selangor
Johor,Terengganu,2023,153.452,actual,Johor,Terengganu
Johor,Sabah,2023,9.828,actual,Johor,Sabah
Johor,Sarawak,2023,5.21,actual,Johor,Sarawak
Johor,W.P. Kuala Lumpur,2023,432.668,actual,Johor,Kuala Lumpur
Johor,W.P. Labuan,2023,9.949,actual,Johor,Labuan
Johor,W.P. Putrajaya,2023,46.297,actual,Johor,Putrajaya
Kedah,Johor,2023,49.516,actual,Kedah,Johor
Kedah,Kedah,2023,1553.782,actual,Kedah,Kedah
Kedah,Kelantan,2023,175.473,actual,Kedah,Kelantan
Kedah,Melaka,2023,81.453,actual,Kedah,Malacca
Kedah,Negeri Sembilan,2023,82.518,actual,Kedah,Negeri Sembilan
Kedah,Pahang,2023,205.717,actual,Kedah,Pahang
Kedah,Pulau Pinang,2023,260.335,actual,Kedah,Penang
Kedah,Perak,2023,443.281,actual,Kedah,Perak
Kedah,Perlis,2023,122.934,actual,Kedah,Perlis
Kedah,Selangor,2023,195.599,actual,Kedah,Selangor
Kedah,Terengganu,2023,83.935,actual,Kedah,Terengganu
Kedah,Sabah,2023,22.632,actual,Kedah,Sabah
Kedah,Sarawak,2023,23.832,actual,Kedah,Sarawak
Kedah,W.P. Kuala Lumpur,2023,321.246,actual,Kedah,Kuala Lumpur
Kedah,W.P. Labuan,2023,13.27,actual,Kedah,Labuan
Kedah,W.P. Putrajaya,2023,42.212,actual,Kedah,Putrajaya
Kelantan,Johor,2023,152.566,actual,Kelantan,Johor
Kelantan,Kedah,2023,68.518,actual,Kelantan,Kedah
Kelantan,Kelantan,2023,905.877,actual,Kelantan,Kelantan
Kelantan,Melaka,2023,46.42,actual,Kelantan,Malacca
Kelantan,Negeri Sembilan,2023,11.211,actual,Kelantan,Negeri Sembilan
Kelantan,Pahang,2023,390.98,actual,Kelantan,Pahang
Kelantan,Pulau Pinang,2023,79.799,actual,Kelantan,Penang
Kelantan,Perak,2023,109.497,actual,Kelantan,Perak
Kelantan,Perlis,2023,15.142,actual,Kelantan,Perlis
Kelantan,Selangor,2023,537.822,actual,Kelantan,Selangor
Kelantan,Terengganu,2023,422.522,actual,Kelantan,Terengganu
Kelantan,Sabah,2023,13.16,actual,Kelantan,Sabah
Kelantan,Sarawak,2023,17.593,actual,Kelantan,Sarawak
Kelantan,W.P. Kuala Lumpur,2023,369.93,actual,Kelantan,Kuala Lumpur
Kelantan,W.P. Labuan,2023,4.772,actual,Kelantan,Labuan
Kelantan,W.P. Putrajaya,2023,27.644,actual,Kelantan,Putrajaya
Melaka,Johor,2023,401.077,actual,Malacca,Johor
Melaka,Kedah,2023,94.193,actual,Malacca,Kedah
Melaka,Kelantan,2023,124.592,actual,Malacca,Kelantan
Melaka,Melaka,2023,870.12,actual,Malacca,Malacca
Melaka,Negeri Sembilan,2023,182.125,actual,Malacca,Negeri Sembilan
Melaka,Pahang,2023,260.701,actual,Malacca,Pahang
Melaka,Pulau Pinang,2023,61.153,actual,Malacca,Penang
Melaka,Perak,2023,115.125,actual,Malacca,Perak
Melaka,Perlis,2023,7.608,actual,Malacca,Perlis
Melaka,Selangor,2023,245.021,actual,Malacca,Selangor
Melaka,Terengganu,2023,108.733,actual,Malacca,Terengganu
Melaka,Sabah,2023,6.943,actual,Malacca,Sabah
Melaka,Sarawak,2023,1.685,actual,Malacca,Sarawak
Melaka,W.P. Kuala Lumpur,2023,234.904,actual,Malacca,Kuala Lumpur
Melaka,W.P. Labuan,2023,6.026,actual,Malacca,Labuan
Melaka,W.P. Putrajaya,2023,33.327,actual,Malacca,Putrajaya
Negeri Sembilan,Johor,2023,402.848,actual,Negeri Sembilan,Johor
Negeri Sembilan,Kedah,2023,82.639,actual,Negeri Sembilan,Kedah
Negeri Sembilan,Kelantan,2023,76.248,actual,Negeri Sembilan,Kelantan
Negeri Sembilan,Melaka,2023,238.354,actual,Negeri Sembilan,Malacca
Negeri Sembilan,Negeri Sembilan,2023,1088.586,actual,Negeri Sembilan,Negeri Sembilan
Negeri Sembilan,Pahang,2023,417.257,actual,Negeri Sembilan,Pahang
Negeri Sembilan,Pulau Pinang,2023,162.766,actual,Negeri Sembilan,Penang
Negeri Sembilan,Perak,2023,162.927,actual,Negeri Sembilan,Perak
Negeri Sembilan,Perlis,2023,12.891,actual,Negeri Sembilan,Perlis
Negeri Sembilan,Selangor,2023,169.908,actual,Negeri Sembilan,Selangor
Negeri Sembilan,Terengganu,2023,96.15,actual,Negeri Sembilan,Terengganu
Negeri Sembilan,Sabah,2023,22.654,actual,Negeri Sembilan,Sabah
Negeri Sembilan,Sarawak,2023,6.092,actual,Negeri Sembilan,Sarawak
Negeri Sembilan,W.P. Kuala Lumpur,2023,33.722,actual,Negeri Sembilan,Kuala Lumpur
Negeri Sembilan,W.P. Labuan,2023,11.694,actual,Negeri Sembilan,Labuan
Negeri Sembilan,W.P. Putrajaya,2023,7.351,actual,Negeri Sembilan,Putrajaya
Pahang,Johor,2023,361.147,actual,Pahang,Johor
Pahang,Kedah,2023,100.03,actual,Pahang,Kedah
Pahang,Kelantan,2023,482.837,actual,Pahang,Kelantan
Pahang,Melaka,2023,205.423,actual,Pahang,Malacca
Pahang,Negeri Sembilan,2023,194.065,actual,Pahang,Negeri Sembilan
Pahang,Pahang,2023,2507.806,actual,Pahang,Pahang
Pahang,Pulau Pinang,2023,81.425,actual,Pahang,Penang
Pahang,Perak,2023,232.148,actual,Pahang,Perak
Pahang,Perlis,2023,6.501,actual,Pahang,Perlis
Pahang,Selangor,2023,541.085,actual,Pahang,Selangor
Pahang,Terengganu,2023,399.142,actual,Pahang,Terengganu
Pahang,Sabah,2023,43.82,actual,Pahang,Sabah
Pahang,Sarawak,2023,7.268,actual,Pahang,Sarawak
Pahang,W.P. Kuala Lumpur,2023,355.326,actual,Pahang,Kuala Lumpur
Pahang,W.P. Labuan,2023,13.781,actual,Pahang,Labuan
Pahang,W.P. Putrajaya,2023,30.538,actual,Pahang,Putrajaya
Pulau Pinang,Johor,2023,68.3,actual,Penang,Johor
Pulau Pinang,Kedah,2023,1393.975,actual,Penang,Kedah
Pulau Pinang,Kelantan,2023,60.777,actual,Penang,Kelantan
Pulau Pinang,Melaka,2023,58.088,actual,Penang,Malacca
Pulau Pinang,Negeri Sembilan,2023,50.351,actual,Penang,Negeri Sembilan
Pulau Pinang,Pahang,2023,196.274,actual,Penang,Pahang
Pulau Pinang,Pulau Pinang,2023,720.349,actual,Penang,Penang
Pulau Pinang,Perak,2023,545.858,actual,Penang,Perak
Pulau Pinang,Perlis,2023,200.368,actual,Penang,Perlis
Pulau Pinang,Selangor,2023,154.394,actual,Penang,Selangor
Pulau Pinang,Terengganu,2023,81.122,actual,Penang,Terengganu
Pulau Pinang,Sabah,2023,66.34,actual,Penang,Sabah
Pulau Pinang,Sarawak,2023,7.86,actual,Penang,Sarawak
Pulau Pinang,W.P. Kuala Lumpur,2023,107.502,actual,Penang,Kuala Lumpur
Pulau Pinang,W.P. Labuan,2023,12.677,actual,Penang,Labuan
Pulau Pinang,W.P. Putrajaya,2023,22.683,actual,Penang,Putrajaya
Perak,Johor,2023,146.966,actual,Perak,Johor
Perak,Kedah,2023,507.941,actual,Perak,Kedah
Perak,Kelantan,2023,264.537,actual,Perak,Kelantan
Perak,Melaka,2023,77.961,actual,Perak,Malacca
Perak,Negeri Sembilan,2023,45.192,actual,Perak,Negeri Sembilan
Perak,Pahang,2023,182.931,actual,Perak,Pahang
Perak,Pulau Pinang,2023,259.366,actual,Perak,Penang
Perak,Perak,2023,2254.162,actual,Perak,Perak
Perak,Perlis,2023,61.594,actual,Perak,Perlis
Perak,Selangor,2023,619.88,actual,Perak,Selangor
Perak,Terengganu,2023,148.993,actual,Perak,Terengganu
Perak,Sabah,2023,33.382,actual,Perak,Sabah
Perak,Sarawak,2023,17.811,actual,Perak,Sarawak
Perak,W.P. Kuala Lumpur,2023,327.411,actual,Perak,Kuala Lumpur
Perak,W.P. Labuan,2023,8.532,actual,Perak,Labuan
Perak,W.P. Putrajaya,2023,15.503,actual,Perak,Putrajaya
Perlis,Johor,2023,16.746,actual,Perlis,Johor
Perlis,Kedah,2023,168.635,actual,Perlis,Kedah
Perlis,Kelantan,2023,48.715,actual,Perlis,Kelantan
Perlis,Melaka,2023,12.124,actual,Perlis,Malacca
Perlis,Negeri Sembilan,2023,5.275,actual,Perlis,Negeri Sembilan
Perlis,Pahang,2023,16.929,actual,Perlis,Pahang
Perlis,Pulau Pinang,2023,85.136,actual,Perlis,Penang
Perlis,Perak,2023,62.548,actual,Perlis,Perak
Perlis,Perlis,2023,70.615,actual,Perlis,Perlis
Perlis,Selangor,2023,37.648,actual,Perlis,Selangor
Perlis,Terengganu,2023,2.348,actual,Perlis,Terengganu
Perlis,Sabah,2023,3.067,actual,Perlis,Sabah
Perlis,Sarawak,2023,0.915,actual,Perlis,Sarawak
Perlis,W.P. Kuala Lumpur,2023,43.001,actual,Perlis,Kuala Lumpur
Perlis,W.P. Labuan,2023,2.524,actual,Perlis,Labuan
Perlis,W.P. Putrajaya,2023,5.118,actual,Perlis,Putrajaya
Selangor,Johor,2023,2048.478,actual,Selangor,Johor
Selangor,Kedah,2023,1815.866,actual,Selangor,Kedah
Selangor,Kelantan,2023,1030.759,actual,Selangor,Kelantan
Selangor,Melaka,2023,1693.22,actual,Selangor,Malacca
Selangor,Negeri Sembilan,2023,1553.003,actual,Selangor,Negeri Sembilan
Selangor,Pahang,2023,2381.577,actual,Selangor,Pahang
Selangor,Pulau Pinang,2023,1491.415,actual,Selangor,Penang
Selangor,Perak,2023,2119.873,actual,Selangor,Perak
Selangor,Perlis,2023,156.013,actual,Selangor,Perlis
Selangor,Selangor,2023,3206.019,actual,Selangor,Selangor
Selangor,Terengganu,2023,1203.233,actual,Selangor,Terengganu
Selangor,Sabah,2023,203.344,actual,Selangor,Sabah
Selangor,Sarawak,2023,169.77,actual,Selangor,Sarawak
Selangor,W.P. Kuala Lumpur,2023,1854.55,actual,Selangor,Kuala Lumpur
Selangor,W.P. Labuan,2023,3.777,actual,Selangor,Labuan
Selangor,W.P. Putrajaya,2023,153.129,actual,Selangor,Putrajaya
Terengganu,Johor,2023,42.97,actual,Terengganu,Johor
Terengganu,Kedah,2023,29.479,actual,Terengganu,Kedah
Terengganu,Kelantan,2023,424.009,actual,Terengganu,Kelantan
Terengganu,Melaka,2023,38.704,actual,Terengganu,Malacca
Terengganu,Negeri Sembilan,2023,6.226,actual,Terengganu,Negeri Sembilan
Terengganu,Pahang,2023,183.597,actual,Terengganu,Pahang
Terengganu,Pulau Pinang,2023,29.473,actual,Terengganu,Penang
Terengganu,Perak,2023,22.405,actual,Terengganu,Perak
Terengganu,Perlis,2023,11.417,actual,Terengganu,Perlis
Terengganu,Selangor,2023,119.712,actual,Terengganu,Selangor
Terengganu,Terengganu,2023,1187.341,actual,Terengganu,Terengganu
Terengganu,Sabah,2023,47.123,actual,Terengganu,Sabah
Terengganu,Sarawak,2023,24.213,actual,Terengganu,Sarawak
Terengganu,W.P. Kuala Lumpur,2023,618.741,actual,Terengganu,Kuala Lumpur
Terengganu,W.P. Labuan,2023,15.049,actual,Terengganu,Labuan
Terengganu,W.P. Putrajaya,2023,24.255,actual,Terengganu,Putrajaya
Sabah,Johor,2023,66.788,actual,Sabah,Johor
Sabah,Kedah,2023,35.44,actual,Sabah,Kedah
Sabah,Kelantan,2023,17.117,actual,Sabah,Kelantan
Sabah,Melaka,2023,22.016,actual,Sabah,Malacca
Sabah,Negeri Sembilan,2023,13.608,actual,Sabah,Negeri Sembilan
Sabah,Pahang,2023,11.684,actual,Sabah,Pahang
Sabah,Pulau Pinang,2023,18.701,actual,Sabah,Penang
Sabah,Perak,2023,20.749,actual,Sabah,Perak
Sabah,Perlis,2023,14.764,actual,Sabah,Perlis
Sabah,Selangor,2023,231.626,actual,Sabah,Selangor
Sabah,Terengganu,2023,15.234,actual,Sabah,Terengganu
Sabah,Sabah,2023,4852.005,actual,Sabah,Sabah
Sabah,Sarawak,2023,54.558,actual,Sabah,Sarawak
Sabah,W.P. Kuala Lumpur,2023,149.896,actual,Sabah,Kuala Lumpur
Sabah,W.P. Labuan,2023,39.206,actual,Sabah,Labuan
Sabah,W.P. Putrajaya,2023,9.827,actual,Sabah,Putrajaya
Sarawak,Johor,2023,99.067,actual,Sarawak,Johor
Sarawak,Kedah,2023,2.35,actual,Sarawak,Kedah
Sarawak,Kelantan,2023,28.652,actual,Sarawak,Kelantan
Sarawak,Melaka,2023,6.137,actual,Sarawak,Malacca
Sarawak,Negeri Sembilan,2023,49.18,actual,Sarawak,Negeri Sembilan
Sarawak,Pahang,2023,17.117,actual,Sarawak,Pahang
Sarawak,Pulau Pinang,2023,64.51,actual,Sarawak,Penang
Sarawak,Perak,2023,3.389,actual,Sarawak,Perak
Sarawak,Perlis,2023,6.533,actual,Sarawak,Perlis
Sarawak,Selangor,2023,117.32,actual,Sarawak,Selangor
Sarawak,Terengganu,2023,21.491,actual,Sarawak,Terengganu
Sarawak,Sabah,2023,248.488,actual,Sarawak,Sabah
Sarawak,Sarawak,2023,4938.324,actual,Sarawak,Sarawak
Sarawak,W.P. Kuala Lumpur,2023,528.755,actual,Sarawak,Kuala Lumpur
Sarawak,W.P. Labuan,2023,8.212,actual,Sarawak,Labuan
Sarawak,W.P. Putrajaya,2023,18.183,actual,Sarawak,Putrajaya
W.P. Kuala Lumpur,Johor,2023,616.598,actual,Kuala Lumpur,Johor
W.P. Kuala Lumpur,Kedah,2023,284.807,actual,Kuala Lumpur,Kedah
W.P. Kuala Lumpur,Kelantan,2023,189.064,actual,Kuala Lumpur,Kelantan
W.P. Kuala Lumpur,Melaka,2023,644.94,actual,Kuala Lumpur,Malacca
W.P. Kuala Lumpur,Negeri Sembilan,2023,443.931,actual,Kuala Lumpur,Negeri Sembilan
W.P. Kuala Lumpur,Pahang,2023,1151.479,actual,Kuala Lumpur,Pahang
W.P. Kuala Lumpur,Pulau Pinang,2023,434.699,actual,Kuala Lumpur,Penang
W.P. Kuala Lumpur,Perak,2023,929.067,actual,Kuala Lumpur,Perak
W.P. Kuala Lumpur,Perlis,2023,33.521,actual,Kuala Lumpur,Perlis
W.P. Kuala Lumpur,Selangor,2023,1677.563,actual,Kuala Lumpur,Selangor
W.P. Kuala Lumpur,Terengganu,2023,126.992,actual,Kuala Lumpur,Terengganu
W.P. Kuala Lumpur,Sabah,2023,118.98,actual,Kuala Lumpur,Sabah
W.P. Kuala Lumpur,Sarawak,2023,41.918,actual,Kuala Lumpur,Sarawak
W.P. Kuala Lumpur,W.P. Kuala Lumpur,2023,317.275,actual,Kuala Lumpur,Kuala Lumpur
W.P. Kuala Lumpur,W.P. Labuan,2023,7.168,actual,Kuala Lumpur,Labuan
W.P. Kuala Lumpur,W.P. Putrajaya,2023,21.83,actual,Kuala Lumpur,Putrajaya
W.P. Labuan,Johor,2023,0.201,actual,Labuan,Johor
W.P. Labuan,Kedah,2023,0.115,actual,Labuan,Kedah
W.P. Labuan,Kelantan,2023,4.048,actual,Labuan,Kelantan
W.P. Labuan,Melaka,2023,0.134,actual,Labuan,Malacca
W.P. Labuan,Negeri Sembilan,2023,6.333,actual,Labuan,Negeri Sembilan
W.P. Labuan,Pahang,2023,1.118,actual,Labuan,Pahang
W.P. Labuan,Pulau Pinang,2023,0.066,actual,Labuan,Penang
W.P. Labuan,Perak,2023,8.112,actual,Labuan,Perak
W.P. Labuan,Perlis,2023,0.762,actual,Labuan,Perlis
W.P. Labuan,Selangor,2023,3.055,actual,Labuan,Selangor
W.P. Labuan,Terengganu,2023,2.511,actual,Labuan,Terengganu
W.P. Labuan,Sabah,2023,75.082,actual,Labuan,Sabah
W.P. Labuan,Sarawak,2023,0.44,actual,Labuan,Sarawak
W.P. Labuan,W.P. Kuala Lumpur,2023,6.839,actual,Labuan,Kuala Lumpur
W.P. Labuan,W.P. Labuan,2023,5.972,actual,Labuan,Labuan
W.P. Labuan,W.P. Putrajaya,2023,7.382,actual,Labuan,Putrajaya
W.P. Putrajaya,Johor,2023,33.771,actual,Putrajaya,Johor
W.P. Putrajaya,Kedah,2023,27.378,actual,Putrajaya,Kedah
W.P. Putrajaya,Kelantan,2023,25.469,actual,Putrajaya,Kelantan
W.P. Putrajaya,Melaka,2023,34.912,actual,Putrajaya,Malacca
W.P. Putrajaya,Negeri Sembilan,2023,17.002,actual,Putrajaya,Negeri Sembilan
W.P. Putrajaya,Pahang,2023,30.103,actual,Putrajaya,Pahang
W.P. Putrajaya,Pulau Pinang,2023,7.828,actual,Putrajaya,Penang
W.P. Putrajaya,Perak,2023,48.159,actual,Putrajaya,Perak
W.P. Putrajaya,Perlis,2023,3.183,actual,Putrajaya,Perlis
W.P. Putrajaya,Selangor,2023,24.407,actual,Putrajaya,Selangor
W.P. Putrajaya,Terengganu,2023,6.81,actual,Putrajaya,Terengganu
W.P. Putrajaya,Sabah,2023,8.29,actual,Putrajaya,Sabah
W.P. Putrajaya,Sarawak,2023,7.138,actual,Putrajaya,Sarawak
W.P. Putrajaya,W.P. Kuala Lumpur,2023,23.024,actual,Putrajaya,Kuala Lumpur
W.P. Putrajaya,W.P. Labuan,2023,1.497,actual,Putrajaya,Labuan
W.P. Putrajaya,W.P. Putrajaya,2023,35.808,actual,Putrajaya,Putrajaya
Johor,Johor,2024,3704.714,actual,Johor,Johor
Johor,Kedah,2024,196.667,actual,Johor,Kedah
Johor,Kelantan,2024,425.275,actual,Johor,Kelantan
Johor,Melaka,2024,1528.012,actual,Johor,Malacca
Johor,Negeri Sembilan,2024,616.968,actual,Johor,Negeri Sembilan
Johor,Pahang,2024,919.966,actual,Johor,Pahang
Johor,Pulau Pinang,2024,221.252,actual,Johor,Penang
Johor,Perak,2024,403.301,actual,Johor,Perak
Johor,Perlis,2024,95.567,actual,Johor,Perlis
Johor,Selangor,2024,1746.841,actual,Johor,Selangor
Johor,Terengganu,2024,188.495,actual,Johor,Terengganu
Johor,Sabah,2024,168.943,actual,Johor,Sabah
Johor,Sarawak,2024,209.896,actual,Johor,Sarawak
Johor,W.P. Kuala Lumpur,2024,787.645,actual,Johor,Kuala Lumpur
Johor,W.P. Labuan,2024,13.35,actual,Johor,Labuan
Johor,W.P. Putrajaya,2024,52.906,actual,Johor,Putrajaya
Kedah,Johor,2024,133.108,actual,Kedah,Johor
Kedah,Kedah,2024,1787.51,actual,Kedah,Kedah
Kedah,Kelantan,2024,276.209,actual,Kedah,Kelantan
Kedah,Melaka,2024,96.196,actual,Kedah,Malacca
Kedah,Negeri Sembilan,2024,233.341,actual,Kedah,Negeri Sembilan
Kedah,Pahang,2024,248.758,actual,Kedah,Pahang
Kedah,Pulau Pinang,2024,450.051,actual,Kedah,Penang
Kedah,Perak,2024,723.289,actual,Kedah,Perak
Kedah,Perlis,2024,130.848,actual,Kedah,Perlis
Kedah,Selangor,2024,297.097,actual,Kedah,Selangor
Kedah,Terengganu,2024,61.22,actual,Kedah,Terengganu
Kedah,Sabah,2024,32.865,actual,Kedah,Sabah
Kedah,Sarawak,2024,30.214,actual,Kedah,Sarawak
Kedah,W.P. Kuala Lumpur,2024,254.91,actual,Kedah,Kuala Lumpur
Kedah,W.P. Labuan,2024,7.133,actual,Kedah,Labuan
Kedah,W.P. Putrajaya,2024,87.496,actual,Kedah,Putrajaya
Kelantan,Johor,2024,115.899,actual,Kelantan,Johor
Kelantan,Kedah,2024,132.209,actual,Kelantan,Kedah
Kelantan,Kelantan,2024,977.965,actual,Kelantan,Kelantan
Kelantan,Melaka,2024,8.592,actual,Kelantan,Malacca
Kelantan,Negeri Sembilan,2024,106.131,actual,Kelantan,Negeri Sembilan
Kelantan,Pahang,2024,251.898,actual,Kelantan,Pahang
Kelantan,Pulau Pinang,2024,146.896,actual,Kelantan,Penang
Kelantan,Perak,2024,221.977,actual,Kelantan,Perak
Kelantan,Perlis,2024,34.466,actual,Kelantan,Perlis
Kelantan,Selangor,2024,259.034,actual,Kelantan,Selangor
Kelantan,Terengganu,2024,496.82,actual,Kelantan,Terengganu
Kelantan,Sabah,2024,28.812,actual,Kelantan,Sabah
Kelantan,Sarawak,2024,3.6,actual,Kelantan,Sarawak
Kelantan,W.P. Kuala Lumpur,2024,232.399,actual,Kelantan,Kuala Lumpur
Kelantan,W.P. Labuan,2024,3.283,actual,Kelantan,Labuan
Kelantan,W.P. Putrajaya,2024,95.755,actual,Kelantan,Putrajaya
Melaka,Johor,2024,459.072,actual,Malacca,Johor
Melaka,Kedah,2024,122.587,actual,Malacca,Kedah
Melaka,Kelantan,2024,79.537,actual,Malacca,Kelantan
Melaka,Melaka,2024,266.106,actual,Malacca,Malacca
Melaka,Negeri Sembilan,2024,379.134,actual,Malacca,Negeri Sembilan
Melaka,Pahang,2024,254.647,actual,Malacca,Pahang
Melaka,Pulau Pinang,2024,106.225,actual,Malacca,Penang
Melaka,Perak,2024,259.154,actual,Malacca,Perak
Melaka,Perlis,2024,3.154,actual,Malacca,Perlis
Melaka,Selangor,2024,378.083,actual,Malacca,Selangor
Melaka,Terengganu,2024,74.915,actual,Malacca,Terengganu
Melaka,Sabah,2024,78.204,actual,Malacca,Sabah
Melaka,Sarawak,2024,27.792,actual,Malacca,Sarawak
Melaka,W.P. Kuala Lumpur,2024,458.258,actual,Malacca,Kuala Lumpur
Melaka,W.P. Labuan,2024,1.593,actual,Malacca,Labuan
Melaka,W.P. Putrajaya,2024,41.326,actual,Malacca,Putrajaya
Negeri Sembilan,Johor,2024,464.774,actual,Negeri Sembilan,Johor
Negeri Sembilan,Kedah,2024,71.578,actual,Negeri Sembilan,Kedah
Negeri Sembilan,Kelantan,2024,258.247,actual,Negeri Sembilan,Kelantan
Negeri Sembilan,Melaka,2024,359.632,actual,Negeri Sembilan,Malacca
Negeri Sembilan,Negeri Sembilan,2024,714.607,actual,Negeri Sembilan,Negeri Sembilan
Negeri Sembilan,Pahang,2024,459.935,actual,Negeri Sembilan,Pahang
Negeri Sembilan,Pulau Pinang,2024,140.479,actual,Negeri Sembilan,Penang
Negeri Sembilan,Perak,2024,315.022,actual,Negeri Sembilan,Perak
Negeri Sembilan,Perlis,2024,18.34,actual,Negeri Sembilan,Perlis
Negeri Sembilan,Selangor,2024,351.433,actual,Negeri Sembilan,Selangor
Negeri Sembilan,Terengganu,2024,136.393,actual,Negeri Sembilan,Terengganu
Negeri Sembilan,Sabah,2024,8.786,actual,Negeri Sembilan,Sabah
Negeri Sembilan,Sarawak,2024,9.935,actual,Negeri Sembilan,Sarawak
Negeri Sembilan,W.P. Kuala Lumpur,2024,256.05,actual,Negeri Sembilan,Kuala Lumpur
Negeri Sembilan,W.P. Labuan,2024,6.764,actual,Negeri Sembilan,Labuan
Negeri Sembilan,W.P. Putrajaya,2024,36.296,actual,Negeri Sembilan,Putrajaya
Pahang,Johor,2024,538.802,actual,Pahang,Johor
Pahang,Kedah,2024,122.385,actual,Pahang,Kedah
Pahang,Kelantan,2024,474.376,actual,Pahang,Kelantan
Pahang,Melaka,2024,134.318,actual,Pahang,Malacca
Pahang,Negeri Sembilan,2024,221.144,actual,Pahang,Negeri Sembilan
Pahang,Pahang,2024,1981.222,actual,Pahang,Pahang
Pahang,Pulau Pinang,2024,119.939,actual,Pahang,Penang
Pahang,Perak,2024,489.012,actual,Pahang,Perak
Pahang,Perlis,2024,25.78,actual,Pahang,Perlis
Pahang,Selangor,2024,383.805,actual,Pahang,Selangor
Pahang,Terengganu,2024,686.073,actual,Pahang,Terengganu
Pahang,Sabah,2024,61.941,actual,Pahang,Sabah
Pahang,Sarawak,2024,8.744,actual,Pahang,Sarawak
Pahang,W.P. Kuala Lumpur,2024,467.78,actual,Pahang,Kuala Lumpur
Pahang,W.P. Labuan,2024,5.887,actual,Pahang,Labuan
Pahang,W.P. Putrajaya,2024,23.758,actual,Pahang,Putrajaya
Pulau Pinang,Johor,2024,124.816,actual,Penang,Johor
Pulau Pinang,Kedah,2024,962.038,actual,Penang,Kedah
Pulau Pinang,Kelantan,2024,4.76,actual,Penang,Kelantan
Pulau Pinang,Melaka,2024,210.415,actual,Penang,Malacca
Pulau Pinang,Negeri Sembilan,2024,67.787,actual,Penang,Negeri Sembilan
Pulau Pinang,Pahang,2024,395.965,actual,Penang,Pahang
Pulau Pinang,Pulau Pinang,2024,523.113,actual,Penang,Penang
Pulau Pinang,Perak,2024,487.147,actual,Penang,Perak
Pulau Pinang,Perlis,2024,216.419,actual,Penang,Perlis
Pulau Pinang,Selangor,2024,354.503,actual,Penang,Selangor
Pulau Pinang,Terengganu,2024,489.885,actual,Penang,Terengganu
Pulau Pinang,Sabah,2024,181.891,actual,Penang,Sabah
Pulau Pinang,Sarawak,2024,1.063,actual,Penang,Sarawak
Pulau Pinang,W.P. Kuala Lumpur,2024,539.031,actual,Penang,Kuala Lumpur
Pulau Pinang,W.P. Labuan,2024,7.956,actual,Penang,Labuan
Pulau Pinang,W.P. Putrajaya,2024,45.97,actual,Penang,Putrajaya
Perak,Johor,2024,282.367,actual,Perak,Johor
Perak,Kedah,2024,659.705,actual,Perak,Kedah
Perak,Kelantan,2024,245.397,actual,Perak,Kelantan
Perak,Melaka,2024,202.444,actual,Perak,Malacca
Perak,Negeri Sembilan,2024,186.796,actual,Perak,Negeri Sembilan
Perak,Pahang,2024,432.226,actual,Perak,Pahang
Perak,Pulau Pinang,2024,384.443,actual,Perak,Penang
Perak,Perak,2024,1886.966,actual,Perak,Perak
Perak,Perlis,2024,102.461,actual,Perak,Perlis
Perak,Selangor,2024,1053.853,actual,Perak,Selangor
Perak,Terengganu,2024,256.269,actual,Perak,Terengganu
Perak,Sabah,2024,77.564,actual,Perak,Sabah
Perak,Sarawak,2024,37.394,actual,Perak,Sarawak
Perak,W.P. Kuala Lumpur,2024,909.009,actual,Perak,Kuala Lumpur
Perak,W.P. Labuan,2024,20.276,actual,Perak,Labuan
Perak,W.P. Putrajaya,2024,90.289,actual,Perak,Putrajaya
Perlis,Johor,2024,20.528,actual,Perlis,Johor
Perlis,Kedah,2024,238.573,actual,Perlis,Kedah
Perlis,Kelantan,2024,34.567,actual,Perlis,Kelantan
Perlis,Melaka,2024,6.776,actual,Perlis,Malacca
Perlis,Negeri Sembilan,2024,13.4,actual,Perlis,Negeri Sembilan
Perlis,Pahang,2024,75.115,actual,Perlis,Pahang
Perlis,Pulau Pinang,2024,197.276,actual,Perlis,Penang
Perlis,Perak,2024,97.427,actual,Perlis,Perak
Perlis,Perlis,2024,50.996,actual,Perlis,Perlis
Perlis,Selangor,2024,73.087,actual,Perlis,Selangor
Perlis,Terengganu,2024,49.435,actual,Perlis,Terengganu
Perlis,Sabah,2024,4.239,actual,Perlis,Sabah
Perlis,Sarawak,2024,3.126,actual,Perlis,Sarawak
Perlis,W.P. Kuala Lumpur,2024,56.871,actual,Perlis,Kuala Lumpur
Perlis,W.P. Labuan,2024,0.808,actual,Perlis,Labuan
Perlis,W.P. Putrajaya,2024,10.961,actual,Perlis,Putrajaya
Selangor,Johor,2024,1837.846,actual,Selangor,Johor
Selangor,Kedah,2024,1793.603,actual,Selangor,Kedah
Selangor,Kelantan,2024,1365.974,actual,Selangor,Kelantan
Selangor,Melaka,2024,1698.792,actual,Selangor,Malacca
Selangor,Negeri Sembilan,2024,1524.26,actual,Selangor,Negeri Sembilan
Selangor,Pahang,2024,1636.986,actual,Selangor,Pahang
Selangor,Pulau Pinang,2024,1199.166,actual,Selangor,Penang
Selangor,Perak,2024,3336.198,actual,Selangor,Perak
Selangor,Perlis,2024,461.172,actual,Selangor,Perlis
Selangor,Selangor,2024,2953.259,actual,Selangor,Selangor
Selangor,Terengganu,2024,973.553,actual,Selangor,Terengganu
Selangor,Sabah,2024,770.899,actual,Selangor,Sabah
Selangor,Sarawak,2024,588.138,actual,Selangor,Sarawak
Selangor,W.P. Kuala Lumpur,2024,1291.171,actual,Selangor,Kuala Lumpur
Selangor,W.P. Labuan,2024,9.719,actual,Selangor,Labuan
Selangor,W.P. Putrajaya,2024,65.445,actual,Selangor,Putrajaya
Terengganu,Johor,2024,12.138,actual,Terengganu,Johor
Terengganu,Kedah,2024,7.925,actual,Terengganu,Kedah
Terengganu,Kelantan,2024,346.675,actual,Terengganu,Kelantan
Terengganu,Melaka,2024,10.535,actual,Terengganu,Malacca
Terengganu,Negeri Sembilan,2024,19.287,actual,Terengganu,Negeri Sembilan
Terengganu,Pahang,2024,293.872,actual,Terengganu,Pahang
Terengganu,Pulau Pinang,2024,34.815,actual,Terengganu,Penang
Terengganu,Perak,2024,19.12,actual,Terengganu,Perak
Terengganu,Perlis,2024,5.452,actual,Terengganu,Perlis
Terengganu,Selangor,2024,224.869,actual,Terengganu,Selangor
Terengganu,Terengganu,2024,487.724,actual,Terengganu,Terengganu
Terengganu,Sabah,2024,26.825,actual,Terengganu,Sabah
Terengganu,Sarawak,2024,2.747,actual,Terengganu,Sarawak
Terengganu,W.P. Kuala Lumpur,2024,74.284,actual,Terengganu,Kuala Lumpur
Terengganu,W.P. Labuan,2024,5.041,actual,Terengganu,Labuan
Terengganu,W.P. Putrajaya,2024,3.005,actual,Terengganu,Putrajaya
Sabah,Johor,2024,27.375,actual,Sabah,Johor
Sabah,Kedah,2024,34.294,actual,Sabah,Kedah
Sabah,Kelantan,2024,7.941,actual,Sabah,Kelantan
Sabah,Melaka,2024,28.095,actual,Sabah,Malacca
Sabah,Negeri Sembilan,2024,6.93,actual,Sabah,Negeri Sembilan
Sabah,Pahang,2024,11.471,actual,Sabah,Pahang
Sabah,Pulau Pinang,2024,86.459,actual,Sabah,Penang
Sabah,Perak,2024,5.995,actual,Sabah,Perak
Sabah,Perlis,2024,4.359,actual,Sabah,Perlis
Sabah,Selangor,2024,200.936,actual,Sabah,Selangor
Sabah,Terengganu,2024,10.243,actual,Sabah,Terengganu
Sabah,Sabah,2024,4132.289,actual,Sabah,Sabah
Sabah,Sarawak,2024,386.56,actual,Sabah,Sarawak
Sabah,W.P. Kuala Lumpur,2024,277.914,actual,Sabah,Kuala Lumpur
Sabah,W.P. Labuan,2024,64.186,actual,Sabah,Labuan
Sabah,W.P. Putrajaya,2024,38.402,actual,Sabah,Putrajaya
Sarawak,Johor,2024,41.45,actual,Sarawak,Johor
Sarawak,Kedah,2024,72.561,actual,Sarawak,Kedah
Sarawak,Kelantan,2024,23.379,actual,Sarawak,Kelantan
Sarawak,Melaka,2024,7.034,actual,Sarawak,Malacca
Sarawak,Negeri Sembilan,2024,8.098,actual,Sarawak,Negeri Sembilan
Sarawak,Pahang,2024,12.647,actual,Sarawak,Pahang
Sarawak,Pulau Pinang,2024,41.88,actual,Sarawak,Penang
Sarawak,Perak,2024,5.561,actual,Sarawak,Perak
Sarawak,Perlis,2024,13.178,actual,Sarawak,Perlis
Sarawak,Selangor,2024,211.808,actual,Sarawak,Selangor
Sarawak,Terengganu,2024,22.411,actual,Sarawak,Terengganu
Sarawak,Sabah,2024,247.465,actual,Sarawak,Sabah
Sarawak,Sarawak,2024,4055.785,actual,Sarawak,Sarawak
Sarawak,W.P. Kuala Lumpur,2024,245.981,actual,Sarawak,Kuala Lumpur
Sarawak,W.P. Labuan,2024,27.314,actual,Sarawak,Labuan
Sarawak,W.P. Putrajaya,2024,30.921,actual,Sarawak,Putrajaya
W.P. Kuala Lumpur,Johor,2024,1689.695,actual,Kuala Lumpur,Johor
W.P. Kuala Lumpur,Kedah,2024,624.876,actual,Kuala Lumpur,Kedah
W.P. Kuala Lumpur,Kelantan,2024,1289.447,actual,Kuala Lumpur,Kelantan
W.P. Kuala Lumpur,Melaka,2024,1520.438,actual,Kuala Lumpur,Malacca
W.P. Kuala Lumpur,Negeri Sembilan,2024,1815.293,actual,Kuala Lumpur,Negeri Sembilan
W.P. Kuala Lumpur,Pahang,2024,2485.925,actual,Kuala Lumpur,Pahang
W.P. Kuala Lumpur,Pulau Pinang,2024,1088.185,actual,Kuala Lumpur,Penang
W.P. Kuala Lumpur,Perak,2024,1881.571,actual,Kuala Lumpur,Perak
W.P. Kuala Lumpur,Perlis,2024,97.851,actual,Kuala Lumpur,Perlis
W.P. Kuala Lumpur,Selangor,2024,1026.36,actual,Kuala Lumpur,Selangor
W.P. Kuala Lumpur,Terengganu,2024,954.478,actual,Kuala Lumpur,Terengganu
W.P. Kuala Lumpur,Sabah,2024,105.983,actual,Kuala Lumpur,Sabah
W.P. Kuala Lumpur,Sarawak,2024,304.533,actual,Kuala Lumpur,Sarawak
W.P. Kuala Lumpur,W.P. Kuala Lumpur,2024,338.113,actual,Kuala Lumpur,Kuala Lumpur
W.P. Kuala Lumpur,W.P. Labuan,2024,3.966,actual,Kuala Lumpur,Labuan
W.P. Kuala Lumpur,W.P. Putrajaya,2024,6.806,actual,Kuala Lumpur,Putrajaya
W.P. Labuan,Johor,2024,0.087,actual,Labuan,Johor
W.P. Labuan,Kedah,2024,1.83,actual,Labuan,Kedah
W.P. Labuan,Kelantan,2024,1.902,actual,Labuan,Kelantan
W.P. Labuan,Melaka,2024,0.161,actual,Labuan,Malacca
W.P. Labuan,Negeri Sembilan,2024,1.308,actual,Labuan,Negeri Sembilan
W.P. Labuan,Pahang,2024,20.987,actual,Labuan,Pahang
W.P. Labuan,Pulau Pinang,2024,0.498,actual,Labuan,Penang
W.P. Labuan,Perak,2024,1.164,actual,Labuan,Perak
W.P. Labuan,Perlis,2024,0.642,actual,Labuan,Perlis
W.P. Labuan,Selangor,2024,3.53,actual,Labuan,Selangor
W.P. Labuan,Terengganu,2024,1.782,actual,Labuan,Terengganu
W.P. Labuan,Sabah,2024,151.349,actual,Labuan,Sabah
W.P. Labuan,Sarawak,2024,16.186,actual,Labuan,Sarawak
W.P. Labuan,W.P. Kuala Lumpur,2024,13.709,actual,Labuan,Kuala Lumpur
W.P. Labuan,W.P. Labuan,2024,15.209,actual,Labuan,Labuan
W.P. Labuan,W.P. Putrajaya,2024,7.907,actual,Labuan,Putrajaya
W.P. Putrajaya,Johor,2024,28.391,actual,Putrajaya,Johor
W.P. Putrajaya,Kedah,2024,26.077,actual,Putrajaya,Kedah
W.P. Putrajaya,Kelantan,2024,52.129,actual,Putrajaya,Kelantan
W.P. Putrajaya,Melaka,2024,80.822,actual,Putrajaya,Malacca
W.P. Putrajaya,Negeri Sembilan,2024,73.059,actual,Putrajaya,Negeri Sembilan
W.P. Putrajaya,Pahang,2024,44.218,actual,Putrajaya,Pahang
W.P. Putrajaya,Pulau Pinang,2024,25.344,actual,Putrajaya,Penang
W.P. Putrajaya,Perak,2024,76.048,actual,Putrajaya,Perak
W.P. Putrajaya,Perlis,2024,1.354,actual,Putrajaya,Perlis
W.P. Putrajaya,Selangor,2024,55.887,actual,Putrajaya,Selangor
W.P. Putrajaya,Terengganu,2024,28.708,actual,Putrajaya,Terengganu
W.P. Putrajaya,Sabah,2024,3.43,actual,Putrajaya,Sabah
W.P. Putrajaya,Sarawak,2024,15.321,actual,Putrajaya,Sarawak
W.P. Putrajaya,W.P. Kuala Lumpur,2024,13.175,actual,Putrajaya,Kuala Lumpur
W.P. Putrajaya,W.P. Labuan,2024,1.615,actual,Putrajaya,Labuan
W.P. Putrajaya,W.P. Putrajaya,2024,14.351,actual,Putrajaya,Putrajaya
Johor,Johor,2025,3422.224,actual,Johor,Johor
Johor,Kedah,2025,740.539,actual,Johor,Kedah
Johor,Kelantan,2025,576.493,actual,Johor,Kelantan
Johor,Melaka,2025,1344.569,actual,Johor,Malacca
Johor,Negeri Sembilan,2025,1671.469,actual,Johor,Negeri Sembilan
Johor,Pahang,2025,981.156,actual,Johor,Pahang
Johor,Pulau Pinang,2025,106.412,actual,Johor,Penang
Johor,Perak,2025,173.172,actual,Johor,Perak
Johor,Perlis,2025,50.178,actual,Johor,Perlis
Johor,Selangor,2025,629.355,actual,Johor,Selangor
Johor,Terengganu,2025,286.182,actual,Johor,Terengganu
Johor,Sabah,2025,112.834,actual,Johor,Sabah
Johor,Sarawak,2025,348.024,actual,Johor,Sarawak
Johor,W.P. Kuala Lumpur,2025,494.101,actual,Johor,Kuala Lumpur
Johor,W.P. Labuan,2025,3.471,actual,Johor,Labuan
Johor,W.P. Putrajaya,2025,76.891,actual,Johor,Putrajaya
Kedah,Johor,2025,114.898,actual,Kedah,Johor
Kedah,Kedah,2025,1234.006,actual,Kedah,Kedah
Kedah,Kelantan,2025,285.999,actual,Kedah,Kelantan
Kedah,Melaka,2025,259.897,actual,Kedah,Malacca
Kedah,Negeri Sembilan,2025,112.4,actual,Kedah,Negeri Sembilan
Kedah,Pahang,2025,282.067,actual,Kedah,Pahang
Kedah,Pulau Pinang,2025,431.179,actual,Kedah,Penang
Kedah,Perak,2025,698.16,actual,Kedah,Perak
Kedah,Perlis,2025,160.158,actual,Kedah,Perlis
Kedah,Selangor,2025,329.094,actual,Kedah,Selangor
Kedah,Terengganu,2025,341.083,actual,Kedah,Terengganu
Kedah,Sabah,2025,128.284,actual,Kedah,Sabah
Kedah,Sarawak,2025,85.125,actual,Kedah,Sarawak
Kedah,W.P. Kuala Lumpur,2025,734.346,actual,Kedah,Kuala Lumpur
Kedah,W.P. Labuan,2025,7.389,actual,Kedah,Labuan
Kedah,W.P. Putrajaya,2025,85.02,actual,Kedah,Putrajaya
Kelantan,Johor,2025,103.148,actual,Kelantan,Johor
Kelantan,Kedah,2025,101.463,actual,Kelantan,Kedah
Kelantan,Kelantan,2025,912.3,actual,Kelantan,Kelantan
Kelantan,Melaka,2025,181.902,actual,Kelantan,Malacca
Kelantan,Negeri Sembilan,2025,66.973,actual,Kelantan,Negeri Sembilan
Kelantan,Pahang,2025,212.844,actual,Kelantan,Pahang
Kelantan,Pulau Pinang,2025,93.324,actual,Kelantan,Penang
Kelantan,Perak,2025,132.166,actual,Kelantan,Perak
Kelantan,Perlis,2025,12.1,actual,Kelantan,Perlis
Kelantan,Selangor,2025,690.727,actual,Kelantan,Selangor
Kelantan,Terengganu,2025,752.094,actual,Kelantan,Terengganu
Kelantan,Sabah,2025,80.149,actual,Kelantan,Sabah
Kelantan,Sarawak,2025,126.632,actual,Kelantan,Sarawak
Kelantan,W.P. Kuala Lumpur,2025,297.176,actual,Kelantan,Kuala Lumpur
Kelantan,W.P. Labuan,2025,2.559,actual,Kelantan,Labuan
Kelantan,W.P. Putrajaya,2025,104.006,actual,Kelantan,Putrajaya
Melaka,Johor,2025,685.258,actual,Malacca,Johor
Melaka,Kedah,2025,120.369,actual,Malacca,Kedah
Melaka,Kelantan,2025,59.714,actual,Malacca,Kelantan
Melaka,Melaka,2025,149.224,actual,Malacca,Malacca
Melaka,Negeri Sembilan,2025,280.267,actual,Malacca,Negeri Sembilan
Melaka,Pahang,2025,469.616,actual,Malacca,Pahang
Melaka,Pulau Pinang,2025,99.282,actual,Malacca,Penang
Melaka,Perak,2025,288.792,actual,Malacca,Perak
Melaka,Perlis,2025,57.367,actual,Malacca,Perlis
Melaka,Selangor,2025,348.921,actual,Malacca,Selangor
Melaka,Terengganu,2025,286.532,actual,Malacca,Terengganu
Melaka,Sabah,2025,7.035,actual,Malacca,Sabah
Melaka,Sarawak,2025,55.149,actual,Malacca,Sarawak
Melaka,W.P. Kuala Lumpur,2025,463.246,actual,Malacca,Kuala Lumpur
Melaka,W.P. Labuan,2025,26.775,actual,Malacca,Labuan
Melaka,W.P. Putrajaya,2025,59.888,actual,Malacca,Putrajaya
Negeri Sembilan,Johor,2025,467.594,actual,Negeri Sembilan,Johor
Negeri Sembilan,Kedah,2025,112.049,actual,Negeri Sembilan,Kedah
Negeri Sembilan,Kelantan,2025,203.938,actual,Negeri Sembilan,Kelantan
Negeri Sembilan,Melaka,2025,377.289,actual,Negeri Sembilan,Malacca
Negeri Sembilan,Negeri Sembilan,2025,460.839,actual,Negeri Sembilan,Negeri Sembilan
Negeri Sembilan,Pahang,2025,444.428,actual,Negeri Sembilan,Pahang
Negeri Sembilan,Pulau Pinang,2025,65.536,actual,Negeri Sembilan,Penang
Negeri Sembilan,Perak,2025,275.019,actual,Negeri Sembilan,Perak
Negeri Sembilan,Perlis,2025,18.698,actual,Negeri Sembilan,Perlis
Negeri Sembilan,Selangor,2025,448.828,actual,Negeri Sembilan,Selangor
Negeri Sembilan,Terengganu,2025,190.562,actual,Negeri Sembilan,Terengganu
Negeri Sembilan,Sabah,2025,78.882,actual,Negeri Sembilan,Sabah
Negeri Sembilan,Sarawak,2025,87.136,actual,Negeri Sembilan,Sarawak
Negeri Sembilan,W.P. Kuala Lumpur,2025,442.738,actual,Negeri Sembilan,Kuala Lumpur
Negeri Sembilan,W.P. Labuan,2025,47.15,actual,Negeri Sembilan,Labuan
Negeri Sembilan,W.P. Putrajaya,2025,63.288,actual,Negeri Sembilan,Putrajaya
Pahang,Johor,2025,585.252,actual,Pahang,Johor
Pahang,Kedah,2025,193.689,actual,Pahang,Kedah
Pahang,Kelantan,2025,655.129,actual,Pahang,Kelantan
Pahang,Melaka,2025,305.141,actual,Pahang,Malacca
Pahang,Negeri Sembilan,2025,287.89,actual,Pahang,Negeri Sembilan
Pahang,Pahang,2025,2599.801,actual,Pahang,Pahang
Pahang,Pulau Pinang,2025,241.717,actual,Pahang,Penang
Pahang,Perak,2025,701.131,actual,Pahang,Perak
Pahang,Perlis,2025,60.726,actual,Pahang,Perlis
Pahang,Selangor,2025,930.401,actual,Pahang,Selangor
Pahang,Terengganu,2025,903.281,actual,Pahang,Terengganu
Pahang,Sabah,2025,7.808,actual,Pahang,Sabah
Pahang,Sarawak,2025,63.906,actual,Pahang,Sarawak
Pahang,W.P. Kuala Lumpur,2025,824.776,actual,Pahang,Kuala Lumpur
Pahang,W.P. Labuan,2025,22.741,actual,Pahang,Labuan
Pahang,W.P. Putrajaya,2025,55.202,actual,Pahang,Putrajaya
Pulau Pinang,Johor,2025,123.784,actual,Penang,Johor
Pulau Pinang,Kedah,2025,952.233,actual,Penang,Kedah
Pulau Pinang,Kelantan,2025,227.934,actual,Penang,Kelantan
Pulau Pinang,Melaka,2025,74.643,actual,Penang,Malacca
Pulau Pinang,Negeri Sembilan,2025,56.642,actual,Penang,Negeri Sembilan
Pulau Pinang,Pahang,2025,537.067,actual,Penang,Pahang
Pulau Pinang,Pulau Pinang,2025,323.086,actual,Penang,Penang
Pulau Pinang,Perak,2025,893.223,actual,Penang,Perak
Pulau Pinang,Perlis,2025,285.678,actual,Penang,Perlis
Pulau Pinang,Selangor,2025,459.411,actual,Penang,Selangor
Pulau Pinang,Terengganu,2025,140.537,actual,Penang,Terengganu
Pulau Pinang,Sabah,2025,243.929,actual,Penang,Sabah
Pulau Pinang,Sarawak,2025,134.36,actual,Penang,Sarawak
Pulau Pinang,W.P. Kuala Lumpur,2025,746.837,actual,Penang,Kuala Lumpur
Pulau Pinang,W.P. Labuan,2025,1.795,actual,Penang,Labuan
Pulau Pinang,W.P. Putrajaya,2025,40.206,actual,Penang,Putrajaya
Perak,Johor,2025,492.392,actual,Perak,Johor
Perak,Kedah,2025,622.506,actual,Perak,Kedah
Perak,Kelantan,2025,473.886,actual,Perak,Kelantan
Perak,Melaka,2025,448.906,actual,Perak,Malacca
Perak,Negeri Sembilan,2025,266.798,actual,Perak,Negeri Sembilan
Perak,Pahang,2025,648.824,actual,Perak,Pahang
Perak,Pulau Pinang,2025,836.185,actual,Perak,Penang
Perak,Perak,2025,1591.314,actual,Perak,Perak
Perak,Perlis,2025,190.379,actual,Perak,Perlis
Perak,Selangor,2025,1716.467,actual,Perak,Selangor
Perak,Terengganu,2025,361.679,actual,Perak,Terengganu
Perak,Sabah,2025,144.916,actual,Perak,Sabah
Perak,Sarawak,2025,143.923,actual,Perak,Sarawak
Perak,W.P. Kuala Lumpur,2025,1771.244,actual,Perak,Kuala Lumpur
Perak,W.P. Labuan,2025,3.518,actual,Perak,Labuan
Perak,W.P. Putrajaya,2025,97.231,actual,Perak,Putrajaya
Perlis,Johor,2025,40.988,actual,Perlis,Johor
Perlis,Kedah,2025,279.678,actual,Perlis,Kedah
Perlis,Kelantan,2025,85.72,actual,Perlis,Kelantan
Perlis,Melaka,2025,92.885,actual,Perlis,Malacca
Perlis,Negeri Sembilan,2025,64.994,actual,Perlis,Negeri Sembilan
Perlis,Pahang,2025,78.512,actual,Perlis,Pahang
Perlis,Pulau Pinang,2025,177.172,actual,Perlis,Penang
Perlis,Perak,2025,196.268,actual,Perlis,Perak
Perlis,Perlis,2025,25.916,actual,Perlis,Perlis
Perlis,Selangor,2025,82.253,actual,Perlis,Selangor
Perlis,Terengganu,2025,33.064,actual,Perlis,Terengganu
Perlis,Sabah,2025,4.048,actual,Perlis,Sabah
Perlis,Sarawak,2025,1.2,actual,Perlis,Sarawak
Perlis,W.P. Kuala Lumpur,2025,79.659,actual,Perlis,Kuala Lumpur
Perlis,W.P. Labuan,2025,6.994,actual,Perlis,Labuan
Perlis,W.P. Putrajaya,2025,11.752,actual,Perlis,Putrajaya
Selangor,Johor,2025,1995.977,actual,Selangor,Johor
Selangor,Kedah,2025,1676.138,actual,Selangor,Kedah
Selangor,Kelantan,2025,1506.201,actual,Selangor,Kelantan
Selangor,Melaka,2025,2725.941,actual,Selangor,Malacca
Selangor,Negeri Sembilan,2025,1980.107,actual,Selangor,Negeri Sembilan
Selangor,Pahang,2025,2517.56353028202,actual,Selangor,Pahang
Selangor,Pulau Pinang,2025,2362.7,actual,Selangor,Penang
Selangor,Perak,2025,3116.563,actual,Selangor,Perak
Selangor,Perlis,2025,480.281,actual,Selangor,Perlis
Selangor,Selangor,2025,2428.953,actual,Selangor,Selangor
Selangor,Terengganu,2025,762.677,actual,Selangor,Terengganu
Selangor,Sabah,2025,531.665,actual,Selangor,Sabah
Selangor,Sarawak,2025,125.515,actual,Selangor,Sarawak
Selangor,W.P. Kuala Lumpur,2025,1819.35,actual,Selangor,Kuala Lumpur
Selangor,W.P. Labuan,2025,46.372,actual,Selangor,Labuan
Selangor,W.P. Putrajaya,2025,71.394,actual,Selangor,Putrajaya
Terengganu,Johor,2025,106.704,actual,Terengganu,Johor
Terengganu,Kedah,2025,83.693,actual,Terengganu,Kedah
Terengganu,Kelantan,2025,520.817,actual,Terengganu,Kelantan
Terengganu,Melaka,2025,115.592,actual,Terengganu,Malacca
Terengganu,Negeri Sembilan,2025,105.86,actual,Terengganu,Negeri Sembilan
Terengganu,Pahang,2025,373.96,actual,Terengganu,Pahang
Terengganu,Pulau Pinang,2025,126.461,actual,Terengganu,Penang
Terengganu,Perak,2025,151.705,actual,Terengganu,Perak
Terengganu,Perlis,2025,5.675,actual,Terengganu,Perlis
Terengganu,Selangor,2025,248.322,actual,Terengganu,Selangor
Terengganu,Terengganu,2025,687.421,actual,Terengganu,Terengganu
Terengganu,Sabah,2025,6.117,actual,Terengganu,Sabah
Terengganu,Sarawak,2025,64.251,actual,Terengganu,Sarawak
Terengganu,W.P. Kuala Lumpur,2025,419.675,actual,Terengganu,Kuala Lumpur
Terengganu,W.P. Labuan,2025,4.999,actual,Terengganu,Labuan
Terengganu,W.P. Putrajaya,2025,84.339,actual,Terengganu,Putrajaya
Sabah,Johor,2025,73.52,actual,Sabah,Johor
Sabah,Kedah,2025,315.743,actual,Sabah,Kedah
Sabah,Kelantan,2025,296.511,actual,Sabah,Kelantan
Sabah,Melaka,2025,50.586,actual,Sabah,Malacca
Sabah,Negeri Sembilan,2025,95.545,actual,Sabah,Negeri Sembilan
Sabah,Pahang,2025,212.016,actual,Sabah,Pahang
Sabah,Pulau Pinang,2025,64.458,actual,Sabah,Penang
Sabah,Perak,2025,110.004,actual,Sabah,Perak
Sabah,Perlis,2025,14.672,actual,Sabah,Perlis
Sabah,Selangor,2025,574.081,actual,Sabah,Selangor
Sabah,Terengganu,2025,83.995,actual,Sabah,Terengganu
Sabah,Sabah,2025,5536.041,actual,Sabah,Sabah
Sabah,Sarawak,2025,561.921,actual,Sabah,Sarawak
Sabah,W.P. Kuala Lumpur,2025,783.67,actual,Sabah,Kuala Lumpur
Sabah,W.P. Labuan,2025,71.595,actual,Sabah,Labuan
Sabah,W.P. Putrajaya,2025,53.724,actual,Sabah,Putrajaya
Sarawak,Johor,2025,30.223,actual,Sarawak,Johor
Sarawak,Kedah,2025,25.911,actual,Sarawak,Kedah
Sarawak,Kelantan,2025,89.927,actual,Sarawak,Kelantan
Sarawak,Melaka,2025,96.988,actual,Sarawak,Malacca
Sarawak,Negeri Sembilan,2025,51.548,actual,Sarawak,Negeri Sembilan
Sarawak,Pahang,2025,8.759,actual,Sarawak,Pahang
Sarawak,Pulau Pinang,2025,138.204,actual,Sarawak,Penang
Sarawak,Perak,2025,18.356,actual,Sarawak,Perak
Sarawak,Perlis,2025,4.4,actual,Sarawak,Perlis
Sarawak,Selangor,2025,322.421,actual,Sarawak,Selangor
Sarawak,Terengganu,2025,3.502,actual,Sarawak,Terengganu
Sarawak,Sabah,2025,149.61,actual,Sarawak,Sabah
Sarawak,Sarawak,2025,4128.139,actual,Sarawak,Sarawak
Sarawak,W.P. Kuala Lumpur,2025,575.284,actual,Sarawak,Kuala Lumpur
Sarawak,W.P. Labuan,2025,9.609,actual,Sarawak,Labuan
Sarawak,W.P. Putrajaya,2025,12.667,actual,Sarawak,Putrajaya
W.P. Kuala Lumpur,Johor,2025,1469.998,actual,Kuala Lumpur,Johor
W.P. Kuala Lumpur,Kedah,2025,619.59,actual,Kuala Lumpur,Kedah
W.P. Kuala Lumpur,Kelantan,2025,524.898,actual,Kuala Lumpur,Kelantan
W.P. Kuala Lumpur,Melaka,2025,915.96753028202,actual,Kuala Lumpur,Malacca
W.P. Kuala Lumpur,Negeri Sembilan,2025,937.425,actual,Kuala Lumpur,Negeri Sembilan
W.P. Kuala Lumpur,Pahang,2025,1635.11146971798,actual,Kuala Lumpur,Pahang
W.P. Kuala Lumpur,Pulau Pinang,2025,548.438,actual,Kuala Lumpur,Penang
W.P. Kuala Lumpur,Perak,2025,2017.802,actual,Kuala Lumpur,Perak
W.P. Kuala Lumpur,Perlis,2025,97.926,actual,Kuala Lumpur,Perlis
W.P. Kuala Lumpur,Selangor,2025,1335.438,actual,Kuala Lumpur,Selangor
W.P. Kuala Lumpur,Terengganu,2025,387.107,actual,Kuala Lumpur,Terengganu
W.P. Kuala Lumpur,Sabah,2025,138.292,actual,Kuala Lumpur,Sabah
W.P. Kuala Lumpur,Sarawak,2025,390.144,actual,Kuala Lumpur,Sarawak
W.P. Kuala Lumpur,W.P. Kuala Lumpur,2025,578.909,actual,Kuala Lumpur,Kuala Lumpur
W.P. Kuala Lumpur,W.P. Labuan,2025,6.772,actual,Kuala Lumpur,Labuan
W.P. Kuala Lumpur,W.P. Putrajaya,2025,86.169,actual,Kuala Lumpur,Putrajaya
W.P. Labuan,Johor,2025,19.247,actual,Labuan,Johor
W.P. Labuan,Kedah,2025,12.186,actual,Labuan,Kedah
W.P. Labuan,Kelantan,2025,21.278,actual,Labuan,Kelantan
W.P. Labuan,Melaka,2025,20.01,actual,Labuan,Malacca
W.P. Labuan,Negeri Sembilan,2025,30.209,actual,Labuan,Negeri Sembilan
W.P. Labuan,Pahang,2025,5.708,actual,Labuan,Pahang
W.P. Labuan,Pulau Pinang,2025,10.798,actual,Labuan,Penang
W.P. Labuan,Perak,2025,3.732,actual,Labuan,Perak
W.P. Labuan,Perlis,2025,5.148,actual,Labuan,Perlis
W.P. Labuan,Selangor,2025,21.329,actual,Labuan,Selangor
W.P. Labuan,Terengganu,2025,5.35,actual,Labuan,Terengganu
W.P. Labuan,Sabah,2025,188.746,actual,Labuan,Sabah
W.P. Labuan,Sarawak,2025,11.257,actual,Labuan,Sarawak
W.P. Labuan,W.P. Kuala Lumpur,2025,19.928,actual,Labuan,Kuala Lumpur
W.P. Labuan,W.P. Labuan,2025,2.754,actual,Labuan,Labuan
W.P. Labuan,W.P. Putrajaya,2025,1.53,actual,Labuan,Putrajaya
W.P. Putrajaya,Johor,2025,90.693,actual,Putrajaya,Johor
W.P. Putrajaya,Kedah,2025,35.052,actual,Putrajaya,Kedah
W.P. Putrajaya,Kelantan,2025,71.385,actual,Putrajaya,Kelantan
W.P. Putrajaya,Melaka,2025,19.15,actual,Putrajaya,Malacca
W.P. Putrajaya,Negeri Sembilan,2025,78.057,actual,Putrajaya,Negeri Sembilan
W.P. Putrajaya,Pahang,2025,38.547,actual,Putrajaya,Pahang
W.P. Putrajaya,Pulau Pinang,2025,4.592,actual,Putrajaya,Penang
W.P. Putrajaya,Perak,2025,46.413,actual,Putrajaya,Perak
W.P. Putrajaya,Perlis,2025,5.634,actual,Putrajaya,Perlis
W.P. Putrajaya,Selangor,2025,29.555,actual,Putrajaya,Selangor
W.P. Putrajaya,Terengganu,2025,14.576,actual,Putrajaya,Terengganu
W.P. Putrajaya,Sabah,2025,1.533,actual,Putrajaya,Sabah
W.P. Putrajaya,Sarawak,2025,3.212,actual,Putrajaya,Sarawak
W.P. Putrajaya,W.P. Kuala Lumpur,2025,27.634,actual,Putrajaya,Kuala Lumpur
W.P. Putrajaya,W.P. Labuan,2025,2.292,actual,Putrajaya,Labuan
W.P. Putrajaya,W.P. Putrajaya,2025,2.791,actual,Putrajaya,Putrajaya
Johor,Johor,2026,3341.169241919195,forecast_ml,Johor,Johor
Johor,Kedah,2026,651.4761250462325,forecast_ml,Johor,Kedah
Johor,Kelantan,2026,765.0391894434557,forecast_ml,Johor,Kelantan
Johor,Melaka,2026,1969.087953501015,forecast_ml,Johor,Malacca
Johor,Negeri Sembilan,2026,996.2058320765001,forecast_ml,Johor,Negeri Sembilan
Johor,Pahang,2026,1065.611517851965,forecast_ml,Johor,Pahang
Johor,Perak,2026,366.0464282318379,forecast_ml,Johor,Perak
Johor,Perlis,2026,53.39494379010589,forecast_ml,Johor,Perlis
Johor,Pulau Pinang,2026,248.6050532113352,forecast_ml,Johor,Penang
Johor,Sabah,2026,181.1290551512043,forecast_ml,Johor,Sabah
Johor,Sarawak,2026,297.7028046846094,forecast_ml,Johor,Sarawak
Johor,Selangor,2026,977.8372176060915,forecast_ml,Johor,Selangor
Johor,Terengganu,2026,288.9866363814162,forecast_ml,Johor,Terengganu
Johor,W.P. Kuala Lumpur,2026,753.3897431116396,forecast_ml,Johor,Kuala Lumpur
Johor,W.P. Labuan,2026,14.87633377057229,forecast_ml,Johor,Labuan
Johor,W.P. Putrajaya,2026,91.36439742353392,forecast_ml,Johor,Putrajaya
Kedah,Johor,2026,148.1995919539722,forecast_ml,Kedah,Johor
Kedah,Kedah,2026,1695.787970442066,forecast_ml,Kedah,Kedah
Kedah,Kelantan,2026,436.9486002361655,forecast_ml,Kedah,Kelantan
Kedah,Melaka,2026,210.7380310874182,forecast_ml,Kedah,Malacca
Kedah,Negeri Sembilan,2026,212.0182388808501,forecast_ml,Kedah,Negeri Sembilan
Kedah,Pahang,2026,402.1619741425885,forecast_ml,Kedah,Pahang
Kedah,Perak,2026,823.6535113152383,forecast_ml,Kedah,Perak
Kedah,Perlis,2026,203.6010685300784,forecast_ml,Kedah,Perlis
Kedah,Pulau Pinang,2026,477.0011992525373,forecast_ml,Kedah,Penang
Kedah,Sabah,2026,92.89116084682168,forecast_ml,Kedah,Sabah
Kedah,Sarawak,2026,102.954505887987,forecast_ml,Kedah,Sarawak
Kedah,Selangor,2026,480.6889821433634,forecast_ml,Kedah,Selangor
Kedah,Terengganu,2026,264.7816035705914,forecast_ml,Kedah,Terengganu
Kedah,W.P. Kuala Lumpur,2026,639.1304823518126,forecast_ml,Kedah,Kuala Lumpur
Kedah,W.P. Labuan,2026,13.50365883228251,forecast_ml,Kedah,Labuan
Kedah,W.P. Putrajaya,2026,93.37969205345043,forecast_ml,Kedah,Putrajaya
Kelantan,Johor,2026,121.767084975479,forecast_ml,Kelantan,Johor
Kelantan,Kedah,2026,134.8383395891383,forecast_ml,Kelantan,Kedah
Kelantan,Kelantan,2026,947.7949410954079,forecast_ml,Kelantan,Kelantan
Kelantan,Melaka,2026,107.0626922588678,forecast_ml,Kelantan,Malacca
Kelantan,Negeri Sembilan,2026,72.16825257376627,forecast_ml,Kelantan,Negeri Sembilan
Kelantan,Pahang,2026,318.6450584848017,forecast_ml,Kelantan,Pahang
Kelantan,Perak,2026,193.7812122623213,forecast_ml,Kelantan,Perak
Kelantan,Perlis,2026,42.48775376268514,forecast_ml,Kelantan,Perlis
Kelantan,Pulau Pinang,2026,143.1612338602767,forecast_ml,Kelantan,Penang
Kelantan,Sabah,2026,84.792301782106,forecast_ml,Kelantan,Sabah
Kelantan,Sarawak,2026,79.73266457318365,forecast_ml,Kelantan,Sarawak
Kelantan,Selangor,2026,629.2072165122594,forecast_ml,Kelantan,Selangor
Kelantan,Terengganu,2026,763.7102182715514,forecast_ml,Kelantan,Terengganu
Kelantan,W.P. Kuala Lumpur,2026,357.5273329578334,forecast_ml,Kelantan,Kuala Lumpur
Kelantan,W.P. Labuan,2026,4.631696420703038,forecast_ml,Kelantan,Labuan
Kelantan,W.P. Putrajaya,2026,104.9074601784217,forecast_ml,Kelantan,Putrajaya
Melaka,Johor,2026,617.8075143829102,forecast_ml,Malacca,Johor
Melaka,Kedah,2026,148.4076661912255,forecast_ml,Malacca,Kedah
Melaka,Kelantan,2026,103.2095087041848,forecast_ml,Malacca,Kelantan
Melaka,Melaka,2026,406.0209692809714,forecast_ml,Malacca,Malacca
Melaka,Negeri Sembilan,2026,436.6201678884261,forecast_ml,Malacca,Negeri Sembilan
Melaka,Pahang,2026,466.8228256123721,forecast_ml,Malacca,Pahang
Melaka,Perak,2026,290.6700531073976,forecast_ml,Malacca,Perak
Melaka,Perlis,2026,31.15943356504937,forecast_ml,Malacca,Perlis
Melaka,Pulau Pinang,2026,102.4515647776994,forecast_ml,Malacca,Penang
Melaka,Sabah,2026,42.55458990225425,forecast_ml,Malacca,Sabah
Melaka,Sarawak,2026,57.31847210368456,forecast_ml,Malacca,Sarawak
Melaka,Selangor,2026,407.4009014391643,forecast_ml,Malacca,Selangor
Melaka,Terengganu,2026,259.2090047536727,forecast_ml,Malacca,Terengganu
Melaka,W.P. Kuala Lumpur,2026,534.9226384517309,forecast_ml,Malacca,Kuala Lumpur
Melaka,W.P. Labuan,2026,10.61103473470357,forecast_ml,Malacca,Labuan
Melaka,W.P. Putrajaya,2026,57.68421170628631,forecast_ml,Malacca,Putrajaya
Negeri Sembilan,Johor,2026,515.7714566218756,forecast_ml,Negeri Sembilan,Johor
Negeri Sembilan,Kedah,2026,116.6931586510458,forecast_ml,Negeri Sembilan,Kedah
Negeri Sembilan,Kelantan,2026,296.3161446303205,forecast_ml,Negeri Sembilan,Kelantan
Negeri Sembilan,Melaka,2026,409.1685538974929,forecast_ml,Negeri Sembilan,Malacca
Negeri Sembilan,Negeri Sembilan,2026,754.841502522614,forecast_ml,Negeri Sembilan,Negeri Sembilan
Negeri Sembilan,Pahang,2026,501.7090081826332,forecast_ml,Negeri Sembilan,Pahang
Negeri Sembilan,Perak,2026,396.4348974472648,forecast_ml,Negeri Sembilan,Perak
Negeri Sembilan,Perlis,2026,19.55231028159179,forecast_ml,Negeri Sembilan,Perlis
Negeri Sembilan,Pulau Pinang,2026,122.884415563958,forecast_ml,Negeri Sembilan,Penang
Negeri Sembilan,Sabah,2026,30.80475755902651,forecast_ml,Negeri Sembilan,Sabah
Negeri Sembilan,Sarawak,2026,46.82389320350624,forecast_ml,Negeri Sembilan,Sarawak
Negeri Sembilan,Selangor,2026,449.8979197408692,forecast_ml,Negeri Sembilan,Selangor
Negeri Sembilan,Terengganu,2026,224.7627161926961,forecast_ml,Negeri Sembilan,Terengganu
Negeri Sembilan,W.P. Kuala Lumpur,2026,369.1254123293261,forecast_ml,Negeri Sembilan,Kuala Lumpur
Negeri Sembilan,W.P. Labuan,2026,25.21090190400133,forecast_ml,Negeri Sembilan,Labuan
Negeri Sembilan,W.P. Putrajaya,2026,61.53564820116392,forecast_ml,Negeri Sembilan,Putrajaya
Pahang,Johor,2026,792.9546583639703,forecast_ml,Pahang,Johor
Pahang,Kedah,2026,274.9681712800116,forecast_ml,Pahang,Kedah
Pahang,Kelantan,2026,764.3739795531851,forecast_ml,Pahang,Kelantan
Pahang,Melaka,2026,349.5992219356541,forecast_ml,Pahang,Malacca
Pahang,Negeri Sembilan,2026,348.7098191490338,forecast_ml,Pahang,Negeri Sembilan
Pahang,Pahang,2026,2592.902698418418,forecast_ml,Pahang,Pahang
Pahang,Perak,2026,701.0781387393456,forecast_ml,Pahang,Perak
Pahang,Perlis,2026,38.81513334987613,forecast_ml,Pahang,Perlis
Pahang,Pulau Pinang,2026,280.9028130868011,forecast_ml,Pahang,Penang
Pahang,Sabah,2026,52.80733210482651,forecast_ml,Pahang,Sabah
Pahang,Sarawak,2026,35.385468741311,forecast_ml,Pahang,Sarawak
Pahang,Selangor,2026,952.9650333403433,forecast_ml,Pahang,Selangor
Pahang,Terengganu,2026,921.0472624224186,forecast_ml,Pahang,Terengganu
Pahang,W.P. Kuala Lumpur,2026,791.9442451162814,forecast_ml,Pahang,Kuala Lumpur
Pahang,W.P. Labuan,2026,10.58053606342442,forecast_ml,Pahang,Labuan
Pahang,W.P. Putrajaya,2026,41.68301702777507,forecast_ml,Pahang,Putrajaya
Perak,Johor,2026,632.3721374672289,forecast_ml,Perak,Johor
Perak,Kedah,2026,884.0351522014805,forecast_ml,Perak,Kedah
Perak,Kelantan,2026,596.9858030020949,forecast_ml,Perak,Kelantan
Perak,Melaka,2026,476.0824693637957,forecast_ml,Perak,Malacca
Perak,Negeri Sembilan,2026,365.7039233134659,forecast_ml,Perak,Negeri Sembilan
Perak,Pahang,2026,719.4037404946275,forecast_ml,Perak,Pahang
Perak,Perak,2026,1819.109844383979,forecast_ml,Perak,Perak
Perak,Perlis,2026,248.2252733829374,forecast_ml,Perak,Perlis
Perak,Pulau Pinang,2026,755.7965663571583,forecast_ml,Perak,Penang
Perak,Sabah,2026,176.4089246472502,forecast_ml,Perak,Sabah
Perak,Sarawak,2026,136.1662298234102,forecast_ml,Perak,Sarawak
Perak,Selangor,2026,1433.79945829848,forecast_ml,Perak,Selangor
Perak,Terengganu,2026,590.1180968391112,forecast_ml,Perak,Terengganu
Perak,W.P. Kuala Lumpur,2026,1354.556964452498,forecast_ml,Perak,Kuala Lumpur
Perak,W.P. Labuan,2026,16.9279277851932,forecast_ml,Perak,Labuan
Perak,W.P. Putrajaya,2026,86.46708833583455,forecast_ml,Perak,Putrajaya
Perlis,Johor,2026,59.00993587160067,forecast_ml,Perlis,Johor
Perlis,Kedah,2026,294.7061803566303,forecast_ml,Perlis,Kedah
Perlis,Kelantan,2026,85.47780369585124,forecast_ml,Perlis,Kelantan
Perlis,Melaka,2026,37.07164554445434,forecast_ml,Perlis,Malacca
Perlis,Negeri Sembilan,2026,52.70963603662876,forecast_ml,Perlis,Negeri Sembilan
Perlis,Pahang,2026,84.47517747513787,forecast_ml,Perlis,Pahang
Perlis,Perak,2026,209.4384242857117,forecast_ml,Perlis,Perak
Perlis,Perlis,2026,72.70546880673947,forecast_ml,Perlis,Perlis
Perlis,Pulau Pinang,2026,258.2439631488925,forecast_ml,Perlis,Penang
Perlis,Sabah,2026,13.61423070810981,forecast_ml,Perlis,Sabah
Perlis,Sarawak,2026,6.131545683554949,forecast_ml,Perlis,Sarawak
Perlis,Selangor,2026,124.6263525813771,forecast_ml,Perlis,Selangor
Perlis,Terengganu,2026,59.08741689276829,forecast_ml,Perlis,Terengganu
Perlis,W.P. Kuala Lumpur,2026,146.6142440560862,forecast_ml,Perlis,Kuala Lumpur
Perlis,W.P. Labuan,2026,5.622795988702273,forecast_ml,Perlis,Labuan
Perlis,W.P. Putrajaya,2026,34.76481724381539,forecast_ml,Perlis,Putrajaya
Pulau Pinang,Johor,2026,168.743215872137,forecast_ml,Penang,Johor
Pulau Pinang,Kedah,2026,1312.830248204543,forecast_ml,Penang,Kedah
Pulau Pinang,Kelantan,2026,172.0978928687724,forecast_ml,Penang,Kelantan
Pulau Pinang,Melaka,2026,164.8191313526132,forecast_ml,Penang,Malacca
Pulau Pinang,Negeri Sembilan,2026,94.55032634178806,forecast_ml,Penang,Negeri Sembilan
Pulau Pinang,Pahang,2026,606.504864420289,forecast_ml,Penang,Pahang
Pulau Pinang,Perak,2026,760.7530273047648,forecast_ml,Penang,Perak
Pulau Pinang,Perlis,2026,292.7588264396301,forecast_ml,Penang,Perlis
Pulau Pinang,Pulau Pinang,2026,490.7926367693993,forecast_ml,Penang,Penang
Pulau Pinang,Sabah,2026,294.2642320148503,forecast_ml,Penang,Sabah
Pulau Pinang,Sarawak,2026,89.1426944014237,forecast_ml,Penang,Sarawak
Pulau Pinang,Selangor,2026,542.3188300519233,forecast_ml,Penang,Selangor
Pulau Pinang,Terengganu,2026,380.099022419247,forecast_ml,Penang,Terengganu
Pulau Pinang,W.P. Kuala Lumpur,2026,702.8701223048743,forecast_ml,Penang,Kuala Lumpur
Pulau Pinang,W.P. Labuan,2026,10.00031175319016,forecast_ml,Penang,Labuan
Pulau Pinang,W.P. Putrajaya,2026,61.25738969437941,forecast_ml,Penang,Putrajaya
Sabah,Johor,2026,78.29491574805701,forecast_ml,Sabah,Johor
Sabah,Kedah,2026,285.2666654598787,forecast_ml,Sabah,Kedah
Sabah,Kelantan,2026,229.8991164737939,forecast_ml,Sabah,Kelantan
Sabah,Melaka,2026,98.3536813412003,forecast_ml,Sabah,Malacca
Sabah,Negeri Sembilan,2026,44.02655225969038,forecast_ml,Sabah,Negeri Sembilan
Sabah,Pahang,2026,185.314990729467,forecast_ml,Sabah,Pahang
Sabah,Perak,2026,58.80113595546574,forecast_ml,Sabah,Perak
Sabah,Perlis,2026,24.82377683807092,forecast_ml,Sabah,Perlis
Sabah,Pulau Pinang,2026,63.53597787687933,forecast_ml,Sabah,Penang
Sabah,Sabah,2026,4488.295486812783,forecast_ml,Sabah,Sabah
Sabah,Sarawak,2026,564.333338826906,forecast_ml,Sabah,Sarawak
Sabah,Selangor,2026,527.9504700445058,forecast_ml,Sabah,Selangor
Sabah,Terengganu,2026,52.06884190439431,forecast_ml,Sabah,Terengganu
Sabah,W.P. Kuala Lumpur,2026,591.608938087095,forecast_ml,Sabah,Kuala Lumpur
Sabah,W.P. Labuan,2026,92.10723901277092,forecast_ml,Sabah,Labuan
Sabah,W.P. Putrajaya,2026,65.85279909005509,forecast_ml,Sabah,Putrajaya
Sarawak,Johor,2026,88.03189823067494,forecast_ml,Sarawak,Johor
Sarawak,Kedah,2026,46.84451959605293,forecast_ml,Sarawak,Kedah
Sarawak,Kelantan,2026,54.20737929654251,forecast_ml,Sarawak,Kelantan
Sarawak,Melaka,2026,28.0997824955693,forecast_ml,Sarawak,Malacca
Sarawak,Negeri Sembilan,2026,33.59241650618119,forecast_ml,Sarawak,Negeri Sembilan
Sarawak,Pahang,2026,26.02001689059655,forecast_ml,Sarawak,Pahang
Sarawak,Perak,2026,22.27493604425431,forecast_ml,Sarawak,Perak
Sarawak,Perlis,2026,15.5835880627888,forecast_ml,Sarawak,Perlis
Sarawak,Pulau Pinang,2026,144.148928297219,forecast_ml,Sarawak,Penang
Sarawak,Sabah,2026,260.7566073891124,forecast_ml,Sarawak,Sabah
Sarawak,Sarawak,2026,4159.166248192955,forecast_ml,Sarawak,Sarawak
Sarawak,Selangor,2026,327.763778480942,forecast_ml,Sarawak,Selangor
Sarawak,Terengganu,2026,31.37969288875813,forecast_ml,Sarawak,Terengganu
Sarawak,W.P. Kuala Lumpur,2026,654.0816490919215,forecast_ml,Sarawak,Kuala Lumpur
Sarawak,W.P. Labuan,2026,25.24144747312936,forecast_ml,Sarawak,Labuan
Sarawak,W.P. Putrajaya,2026,26.41910535934955,forecast_ml,Sarawak,Putrajaya
Selangor,Johor,2026,2219.803747703838,forecast_ml,Selangor,Johor
Selangor,Kedah,2026,1679.447639626106,forecast_ml,Selangor,Kedah
Selangor,Kelantan,2026,1657.514523025656,forecast_ml,Selangor,Kelantan
Selangor,Melaka,2026,2494.284526579201,forecast_ml,Selangor,Malacca
Selangor,Negeri Sembilan,2026,1880.807457877594,forecast_ml,Selangor,Negeri Sembilan
Selangor,Pahang,2026,2387.796629129116,forecast_ml,Selangor,Pahang
Selangor,Perak,2026,2819.904878072916,forecast_ml,Selangor,Perak
Selangor,Perlis,2026,523.7596584192098,forecast_ml,Selangor,Perlis
Selangor,Pulau Pinang,2026,2222.506371894359,forecast_ml,Selangor,Penang
Selangor,Sabah,2026,829.6434664696828,forecast_ml,Selangor,Sabah
Selangor,Sarawak,2026,437.3921242161831,forecast_ml,Selangor,Sarawak
Selangor,Selangor,2026,2587.445896188823,forecast_ml,Selangor,Selangor
Selangor,Terengganu,2026,951.0823499569036,forecast_ml,Selangor,Terengganu
Selangor,W.P. Kuala Lumpur,2026,2224.877718824976,forecast_ml,Selangor,Kuala Lumpur
Selangor,W.P. Labuan,2026,26.26937226678778,forecast_ml,Selangor,Labuan
Selangor,W.P. Putrajaya,2026,126.1957035504741,forecast_ml,Selangor,Putrajaya
Terengganu,Johor,2026,61.33305285122498,forecast_ml,Terengganu,Johor
Terengganu,Kedah,2026,35.65922313490944,forecast_ml,Terengganu,Kedah
Terengganu,Kelantan,2026,599.0154481422554,forecast_ml,Terengganu,Kelantan
Terengganu,Melaka,2026,60.89054228558611,forecast_ml,Terengganu,Malacca
Terengganu,Negeri Sembilan,2026,42.50803730254125,forecast_ml,Terengganu,Negeri Sembilan
Terengganu,Pahang,2026,349.5029933152967,forecast_ml,Terengganu,Pahang
Terengganu,Perak,2026,111.5286330274486,forecast_ml,Terengganu,Perak
Terengganu,Perlis,2026,11.49457380805269,forecast_ml,Terengganu,Perlis
Terengganu,Pulau Pinang,2026,92.52383771249347,forecast_ml,Terengganu,Penang
Terengganu,Sabah,2026,58.73807800726435,forecast_ml,Terengganu,Sabah
Terengganu,Sarawak,2026,31.06717034485844,forecast_ml,Terengganu,Sarawak
Terengganu,Selangor,2026,339.3014843895282,forecast_ml,Terengganu,Selangor
Terengganu,Terengganu,2026,882.8801470415707,forecast_ml,Terengganu,Terengganu
Terengganu,W.P. Kuala Lumpur,2026,498.1792018785019,forecast_ml,Terengganu,Kuala Lumpur
Terengganu,W.P. Labuan,2026,11.06057021654779,forecast_ml,Terengganu,Labuan
Terengganu,W.P. Putrajaya,2026,34.09605878048949,forecast_ml,Terengganu,Putrajaya
W.P. Kuala Lumpur,Johor,2026,1501.125556320988,forecast_ml,Kuala Lumpur,Johor
W.P. Kuala Lumpur,Kedah,2026,978.1694350241618,forecast_ml,Kuala Lumpur,Kedah
W.P. Kuala Lumpur,Kelantan,2026,968.458807668817,forecast_ml,Kuala Lumpur,Kelantan
W.P. Kuala Lumpur,Melaka,2026,1151.660638425128,forecast_ml,Kuala Lumpur,Malacca
W.P. Kuala Lumpur,Negeri Sembilan,2026,1175.194819733779,forecast_ml,Kuala Lumpur,Negeri Sembilan
W.P. Kuala Lumpur,Pahang,2026,1728.07948159617,forecast_ml,Kuala Lumpur,Pahang
W.P. Kuala Lumpur,Perak,2026,1848.441690296384,forecast_ml,Kuala Lumpur,Perak
W.P. Kuala Lumpur,Perlis,2026,146.6451366131925,forecast_ml,Kuala Lumpur,Perlis
W.P. Kuala Lumpur,Pulau Pinang,2026,780.5310466758434,forecast_ml,Kuala Lumpur,Penang
W.P. Kuala Lumpur,Sabah,2026,216.5383163472932,forecast_ml,Kuala Lumpur,Sabah
W.P. Kuala Lumpur,Sarawak,2026,516.9180992096373,forecast_ml,Kuala Lumpur,Sarawak
W.P. Kuala Lumpur,Selangor,2026,1568.790752296951,forecast_ml,Kuala Lumpur,Selangor
W.P. Kuala Lumpur,Terengganu,2026,990.8301776440343,forecast_ml,Kuala Lumpur,Terengganu
W.P. Kuala Lumpur,W.P. Kuala Lumpur,2026,651.6544566106129,forecast_ml,Kuala Lumpur,Kuala Lumpur
W.P. Kuala Lumpur,W.P. Labuan,2026,13.32037025075446,forecast_ml,Kuala Lumpur,Labuan
W.P. Kuala Lumpur,W.P. Putrajaya,2026,40.81308124131068,forecast_ml,Kuala Lumpur,Putrajaya
W.P. Labuan,Johor,2026,5.280848356110168,forecast_ml,Labuan,Johor
W.P. Labuan,Kedah,2026,4.858257778918053,forecast_ml,Labuan,Kedah
W.P. Labuan,Kelantan,2026,16.02473300026453,forecast_ml,Labuan,Kelantan
W.P. Labuan,Melaka,2026,5.764976511827563,forecast_ml,Labuan,Malacca
W.P. Labuan,Negeri Sembilan,2026,19.25297472492911,forecast_ml,Labuan,Negeri Sembilan
W.P. Labuan,Pahang,2026,12.0507159219202,forecast_ml,Labuan,Pahang
W.P. Labuan,Perak,2026,8.005378771288758,forecast_ml,Labuan,Perak
W.P. Labuan,Perlis,2026,4.345667611554455,forecast_ml,Labuan,Perlis
W.P. Labuan,Pulau Pinang,2026,5.050916508612797,forecast_ml,Labuan,Penang
W.P. Labuan,Sabah,2026,263.7534792850187,forecast_ml,Labuan,Sabah
W.P. Labuan,Sarawak,2026,7.794942264684803,forecast_ml,Labuan,Sarawak
W.P. Labuan,Selangor,2026,15.37782303887037,forecast_ml,Labuan,Selangor
W.P. Labuan,Terengganu,2026,6.679126681529686,forecast_ml,Labuan,Terengganu
W.P. Labuan,W.P. Kuala Lumpur,2026,18.4087796690531,forecast_ml,Labuan,Kuala Lumpur
W.P. Labuan,W.P. Labuan,2026,9.443847096762147,forecast_ml,Labuan,Labuan
W.P. Labuan,W.P. Putrajaya,2026,9.946358527021637,forecast_ml,Labuan,Putrajaya
W.P. Putrajaya,Johor,2026,52.71670555721821,forecast_ml,Putrajaya,Johor
W.P. Putrajaya,Kedah,2026,58.9596709696625,forecast_ml,Putrajaya,Kedah
W.P. Putrajaya,Kelantan,2026,38.3168887065526,forecast_ml,Putrajaya,Kelantan
W.P. Putrajaya,Melaka,2026,52.4110839561967,forecast_ml,Putrajaya,Malacca
W.P. Putrajaya,Negeri Sembilan,2026,61.28306791427251,forecast_ml,Putrajaya,Negeri Sembilan
W.P. Putrajaya,Pahang,2026,54.10104972990896,forecast_ml,Putrajaya,Pahang
W.P. Putrajaya,Perak,2026,66.83885856299513,forecast_ml,Putrajaya,Perak
W.P. Putrajaya,Perlis,2026,6.149537337733047,forecast_ml,Putrajaya,Perlis
W.P. Putrajaya,Pulau Pinang,2026,23.11427265938484,forecast_ml,Putrajaya,Penang
W.P. Putrajaya,Sabah,2026,5.915466334364916,forecast_ml,Putrajaya,Sabah
W.P. Putrajaya,Sarawak,2026,17.92656140195324,forecast_ml,Putrajaya,Sarawak
W.P. Putrajaya,Selangor,2026,57.22250586854505,forecast_ml,Putrajaya,Selangor
W.P. Putrajaya,Terengganu,2026,17.74364995206804,forecast_ml,Putrajaya,Terengganu
W.P. Putrajaya,W.P. Kuala Lumpur,2026,29.34916404460312,forecast_ml,Putrajaya,Kuala Lumpur
W.P. Putrajaya,W.P. Labuan,2026,2.758504927605399,forecast_ml,Putrajaya,Labuan
W.P. Putrajaya,W.P. Putrajaya,2026,23.86789565301381,forecast_ml,Putrajaya,Putrajaya
Johor,Johor,2027,3265.128684182993,forecast_ml,Johor,Johor
Johor,Kedah,2027,927.1779881670274,forecast_ml,Johor,Kedah
Johor,Kelantan,2027,837.6549981820358,forecast_ml,Johor,Kelantan
Johor,Melaka,2027,2623.088278089223,forecast_ml,Johor,Malacca
Johor,Negeri Sembilan,2027,1243.938085327013,forecast_ml,Johor,Negeri Sembilan
Johor,Pahang,2027,1342.421472382844,forecast_ml,Johor,Pahang
Johor,Perak,2027,426.8289986829641,forecast_ml,Johor,Perak
Johor,Perlis,2027,118.7617614395254,forecast_ml,Johor,Perlis
Johor,Pulau Pinang,2027,263.9122316749196,forecast_ml,Johor,Penang
Johor,Sabah,2027,265.9383615610828,forecast_ml,Johor,Sabah
Johor,Sarawak,2027,414.285757760437,forecast_ml,Johor,Sarawak
Johor,Selangor,2027,1485.426138225816,forecast_ml,Johor,Selangor
Johor,Terengganu,2027,400.3541568713898,forecast_ml,Johor,Terengganu
Johor,W.P. Kuala Lumpur,2027,797.7413411281477,forecast_ml,Johor,Kuala Lumpur
Johor,W.P. Labuan,2027,10.11520829397377,forecast_ml,Johor,Labuan
Johor,W.P. Putrajaya,2027,99.40937063880929,forecast_ml,Johor,Putrajaya
Kedah,Johor,2027,192.4245130657394,forecast_ml,Kedah,Johor
Kedah,Kedah,2027,1594.522817985627,forecast_ml,Kedah,Kedah
Kedah,Kelantan,2027,503.7748049547511,forecast_ml,Kedah,Kelantan
Kedah,Melaka,2027,313.5845436427066,forecast_ml,Kedah,Malacca
Kedah,Negeri Sembilan,2027,264.3617527422981,forecast_ml,Kedah,Negeri Sembilan
Kedah,Pahang,2027,457.2128932886727,forecast_ml,Kedah,Pahang
Kedah,Perak,2027,907.2165280461697,forecast_ml,Kedah,Perak
Kedah,Perlis,2027,254.1181475348652,forecast_ml,Kedah,Perlis
Kedah,Pulau Pinang,2027,544.2451805284484,forecast_ml,Kedah,Penang
Kedah,Sabah,2027,123.7713784715546,forecast_ml,Kedah,Sabah
Kedah,Sarawak,2027,143.866862768521,forecast_ml,Kedah,Sarawak
Kedah,Selangor,2027,510.2279452253559,forecast_ml,Kedah,Selangor
Kedah,Terengganu,2027,325.9130428119738,forecast_ml,Kedah,Terengganu
Kedah,W.P. Kuala Lumpur,2027,846.2660657761018,forecast_ml,Kedah,Kuala Lumpur
Kedah,W.P. Labuan,2027,9.34670768477306,forecast_ml,Kedah,Labuan
Kedah,W.P. Putrajaya,2027,114.1844115810157,forecast_ml,Kedah,Putrajaya
Kelantan,Johor,2027,135.6133165278291,forecast_ml,Kelantan,Johor
Kelantan,Kedah,2027,130.1226072174057,forecast_ml,Kelantan,Kedah
Kelantan,Kelantan,2027,1031.408566176443,forecast_ml,Kelantan,Kelantan
Kelantan,Melaka,2027,165.813066157502,forecast_ml,Kelantan,Malacca
Kelantan,Negeri Sembilan,2027,143.345798204996,forecast_ml,Kelantan,Negeri Sembilan
Kelantan,Pahang,2027,349.7511143277066,forecast_ml,Kelantan,Pahang
Kelantan,Perak,2027,223.6635552699207,forecast_ml,Kelantan,Perak
Kelantan,Perlis,2027,34.41232635373287,forecast_ml,Kelantan,Perlis
Kelantan,Pulau Pinang,2027,120.4650669757177,forecast_ml,Kelantan,Penang
Kelantan,Sabah,2027,85.1134484245524,forecast_ml,Kelantan,Sabah
Kelantan,Sarawak,2027,108.8019076469231,forecast_ml,Kelantan,Sarawak
Kelantan,Selangor,2027,700.593930272556,forecast_ml,Kelantan,Selangor
Kelantan,Terengganu,2027,763.738002042855,forecast_ml,Kelantan,Terengganu
Kelantan,W.P. Kuala Lumpur,2027,360.4457393502621,forecast_ml,Kelantan,Kuala Lumpur
Kelantan,W.P. Labuan,2027,4.772546435610988,forecast_ml,Kelantan,Labuan
Kelantan,W.P. Putrajaya,2027,114.8327892441799,forecast_ml,Kelantan,Putrajaya
Melaka,Johor,2027,710.1766371168115,forecast_ml,Malacca,Johor
Melaka,Kedah,2027,195.1022720513516,forecast_ml,Malacca,Kedah
Melaka,Kelantan,2027,106.0612307008772,forecast_ml,Malacca,Kelantan
Melaka,Melaka,2027,386.1059407237701,forecast_ml,Malacca,Malacca
Melaka,Negeri Sembilan,2027,526.1373311219985,forecast_ml,Malacca,Negeri Sembilan
Melaka,Pahang,2027,523.9525746045293,forecast_ml,Malacca,Pahang
Melaka,Perak,2027,410.7473614982734,forecast_ml,Malacca,Perak
Melaka,Perlis,2027,57.79753121598261,forecast_ml,Malacca,Perlis
Melaka,Pulau Pinang,2027,157.3520131867272,forecast_ml,Malacca,Penang
Melaka,Sabah,2027,43.77277015774548,forecast_ml,Malacca,Sabah
Melaka,Sarawak,2027,74.86956450601822,forecast_ml,Malacca,Sarawak
Melaka,Selangor,2027,440.1102919628523,forecast_ml,Malacca,Selangor
Melaka,Terengganu,2027,311.0809489920076,forecast_ml,Malacca,Terengganu
Melaka,W.P. Kuala Lumpur,2027,550.4814116688646,forecast_ml,Malacca,Kuala Lumpur
Melaka,W.P. Labuan,2027,15.064652993422,forecast_ml,Malacca,Labuan
Melaka,W.P. Putrajaya,2027,77.74418863053693,forecast_ml,Malacca,Putrajaya
Negeri Sembilan,Johor,2027,543.9225061426489,forecast_ml,Negeri Sembilan,Johor
Negeri Sembilan,Kedah,2027,142.9846932600301,forecast_ml,Negeri Sembilan,Kedah
Negeri Sembilan,Kelantan,2027,404.7640427868471,forecast_ml,Negeri Sembilan,Kelantan
Negeri Sembilan,Melaka,2027,428.6285211598738,forecast_ml,Negeri Sembilan,Malacca
Negeri Sembilan,Negeri Sembilan,2027,787.8797020897541,forecast_ml,Negeri Sembilan,Negeri Sembilan
Negeri Sembilan,Pahang,2027,501.8076765579001,forecast_ml,Negeri Sembilan,Pahang
Negeri Sembilan,Perak,2027,384.3623618841428,forecast_ml,Negeri Sembilan,Perak
Negeri Sembilan,Perlis,2027,23.97346691569682,forecast_ml,Negeri Sembilan,Perlis
Negeri Sembilan,Pulau Pinang,2027,133.0778007643055,forecast_ml,Negeri Sembilan,Penang
Negeri Sembilan,Sabah,2027,61.70987561836524,forecast_ml,Negeri Sembilan,Sabah
Negeri Sembilan,Sarawak,2027,77.95764099544388,forecast_ml,Negeri Sembilan,Sarawak
Negeri Sembilan,Selangor,2027,487.0807904984728,forecast_ml,Negeri Sembilan,Selangor
Negeri Sembilan,Terengganu,2027,261.1544989422164,forecast_ml,Negeri Sembilan,Terengganu
Negeri Sembilan,W.P. Kuala Lumpur,2027,451.7388964971458,forecast_ml,Negeri Sembilan,Kuala Lumpur
Negeri Sembilan,W.P. Labuan,2027,52.93561804692857,forecast_ml,Negeri Sembilan,Labuan
Negeri Sembilan,W.P. Putrajaya,2027,78.94192378292493,forecast_ml,Negeri Sembilan,Putrajaya
Pahang,Johor,2027,802.5440407023517,forecast_ml,Pahang,Johor
Pahang,Kedah,2027,350.9507617722525,forecast_ml,Pahang,Kedah
Pahang,Kelantan,2027,831.6735302268476,forecast_ml,Pahang,Kelantan
Pahang,Melaka,2027,444.7411757700081,forecast_ml,Pahang,Malacca
Pahang,Negeri Sembilan,2027,474.3091908092333,forecast_ml,Pahang,Negeri Sembilan
Pahang,Pahang,2027,2552.568414829223,forecast_ml,Pahang,Pahang
Pahang,Perak,2027,827.6913227444012,forecast_ml,Pahang,Perak
Pahang,Perlis,2027,44.93317413952427,forecast_ml,Pahang,Perlis
Pahang,Pulau Pinang,2027,292.6608492318433,forecast_ml,Pahang,Penang
Pahang,Sabah,2027,36.6400907950755,forecast_ml,Pahang,Sabah
Pahang,Sarawak,2027,55.29897704848227,forecast_ml,Pahang,Sarawak
Pahang,Selangor,2027,1154.137278563093,forecast_ml,Pahang,Selangor
Pahang,Terengganu,2027,838.2272419027931,forecast_ml,Pahang,Terengganu
Pahang,W.P. Kuala Lumpur,2027,885.3538176485283,forecast_ml,Pahang,Kuala Lumpur
Pahang,W.P. Labuan,2027,23.25991532682103,forecast_ml,Pahang,Labuan
Pahang,W.P. Putrajaya,2027,41.842518464835,forecast_ml,Pahang,Putrajaya
Perak,Johor,2027,760.0695956815277,forecast_ml,Perak,Johor
Perak,Kedah,2027,1067.556900147255,forecast_ml,Perak,Kedah
Perak,Kelantan,2027,750.7347461314804,forecast_ml,Perak,Kelantan
Perak,Melaka,2027,573.0139344383881,forecast_ml,Perak,Malacca
Perak,Negeri Sembilan,2027,650.5134016789982,forecast_ml,Perak,Negeri Sembilan
Perak,Pahang,2027,864.5417413119144,forecast_ml,Perak,Pahang
Perak,Perak,2027,1756.241364947379,forecast_ml,Perak,Perak
Perak,Perlis,2027,341.9099743709072,forecast_ml,Perak,Perlis
Perak,Pulau Pinang,2027,816.0031246025173,forecast_ml,Perak,Penang
Perak,Sabah,2027,302.0707080158216,forecast_ml,Perak,Sabah
Perak,Sarawak,2027,233.6663088997955,forecast_ml,Perak,Sarawak
Perak,Selangor,2027,1835.437360149364,forecast_ml,Perak,Selangor
Perak,Terengganu,2027,704.1307681221566,forecast_ml,Perak,Terengganu
Perak,W.P. Kuala Lumpur,2027,1813.031823408264,forecast_ml,Perak,Kuala Lumpur
Perak,W.P. Labuan,2027,11.65102000156262,forecast_ml,Perak,Labuan
Perak,W.P. Putrajaya,2027,116.8434889621401,forecast_ml,Perak,Putrajaya
Perlis,Johor,2027,69.07987835568254,forecast_ml,Perlis,Johor
Perlis,Kedah,2027,416.1370498198098,forecast_ml,Perlis,Kedah
Perlis,Kelantan,2027,117.8097313825822,forecast_ml,Perlis,Kelantan
Perlis,Melaka,2027,60.22422414321947,forecast_ml,Perlis,Malacca
Perlis,Negeri Sembilan,2027,70.14187735904268,forecast_ml,Perlis,Negeri Sembilan
Perlis,Pahang,2027,155.1427721054291,forecast_ml,Perlis,Pahang
Perlis,Perak,2027,292.1085354379615,forecast_ml,Perlis,Perak
Perlis,Perlis,2027,69.4256253565688,forecast_ml,Perlis,Perlis
Perlis,Pulau Pinang,2027,280.9496042388601,forecast_ml,Perlis,Penang
Perlis,Sabah,2027,38.98151313719976,forecast_ml,Perlis,Sabah
Perlis,Sarawak,2027,10.24162052013425,forecast_ml,Perlis,Sarawak
Perlis,Selangor,2027,184.5067881614687,forecast_ml,Perlis,Selangor
Perlis,Terengganu,2027,84.33871182476334,forecast_ml,Perlis,Terengganu
Perlis,W.P. Kuala Lumpur,2027,246.8114663276858,forecast_ml,Perlis,Kuala Lumpur
Perlis,W.P. Labuan,2027,6.11795820876843,forecast_ml,Perlis,Labuan
Perlis,W.P. Putrajaya,2027,45.32861621403879,forecast_ml,Perlis,Putrajaya
Pulau Pinang,Johor,2027,240.4245249764119,forecast_ml,Penang,Johor
Pulau Pinang,Kedah,2027,1258.940540377572,forecast_ml,Penang,Kedah
Pulau Pinang,Kelantan,2027,319.4576827838471,forecast_ml,Penang,Kelantan
Pulau Pinang,Melaka,2027,219.7514002775965,forecast_ml,Penang,Malacca
Pulau Pinang,Negeri Sembilan,2027,174.3416613207033,forecast_ml,Penang,Negeri Sembilan
Pulau Pinang,Pahang,2027,733.5397178915124,forecast_ml,Penang,Pahang
Pulau Pinang,Perak,2027,763.9873053374803,forecast_ml,Penang,Perak
Pulau Pinang,Perlis,2027,404.6780958039587,forecast_ml,Penang,Perlis
Pulau Pinang,Pulau Pinang,2027,577.3136897982823,forecast_ml,Penang,Penang
Pulau Pinang,Sabah,2027,360.7965917120747,forecast_ml,Penang,Sabah
Pulau Pinang,Sarawak,2027,151.8134050568044,forecast_ml,Penang,Sarawak
Pulau Pinang,Selangor,2027,699.9420954228938,forecast_ml,Penang,Selangor
Pulau Pinang,Terengganu,2027,645.8498514742283,forecast_ml,Penang,Terengganu
Pulau Pinang,W.P. Kuala Lumpur,2027,701.6574435668996,forecast_ml,Penang,Kuala Lumpur
Pulau Pinang,W.P. Labuan,2027,14.27344010905878,forecast_ml,Penang,Labuan
Pulau Pinang,W.P. Putrajaya,2027,66.83407645699266,forecast_ml,Penang,Putrajaya
Sabah,Johor,2027,75.00485067554224,forecast_ml,Sabah,Johor
Sabah,Kedah,2027,400.1500528851184,forecast_ml,Sabah,Kedah
Sabah,Kelantan,2027,397.0643192498274,forecast_ml,Sabah,Kelantan
Sabah,Melaka,2027,81.75874291772864,forecast_ml,Sabah,Malacca
Sabah,Negeri Sembilan,2027,49.85306797895137,forecast_ml,Sabah,Negeri Sembilan
Sabah,Pahang,2027,344.5066544798999,forecast_ml,Sabah,Pahang
Sabah,Perak,2027,67.67874908976601,forecast_ml,Sabah,Perak
Sabah,Perlis,2027,26.0959966843198,forecast_ml,Sabah,Perlis
Sabah,Pulau Pinang,2027,122.9387352889654,forecast_ml,Sabah,Penang
Sabah,Sabah,2027,4424.635848963548,forecast_ml,Sabah,Sabah
Sabah,Sarawak,2027,785.7676265886805,forecast_ml,Sabah,Sarawak
Sabah,Selangor,2027,646.635182664576,forecast_ml,Sabah,Selangor
Sabah,Terengganu,2027,52.82649646078269,forecast_ml,Sabah,Terengganu
Sabah,W.P. Kuala Lumpur,2027,856.7221996671368,forecast_ml,Sabah,Kuala Lumpur
Sabah,W.P. Labuan,2027,131.7261259949734,forecast_ml,Sabah,Labuan
Sabah,W.P. Putrajaya,2027,69.98915090942056,forecast_ml,Sabah,Putrajaya
Sarawak,Johor,2027,79.84935456533906,forecast_ml,Sarawak,Johor
Sarawak,Kedah,2027,78.25910623941421,forecast_ml,Sarawak,Kedah
Sarawak,Kelantan,2027,36.8734152964977,forecast_ml,Sarawak,Kelantan
Sarawak,Melaka,2027,52.59765284495883,forecast_ml,Sarawak,Malacca
Sarawak,Negeri Sembilan,2027,59.2725702460833,forecast_ml,Sarawak,Negeri Sembilan
Sarawak,Pahang,2027,15.46298038118519,forecast_ml,Sarawak,Pahang
Sarawak,Perak,2027,15.92317053315095,forecast_ml,Sarawak,Perak
Sarawak,Perlis,2027,11.35166175875275,forecast_ml,Sarawak,Perlis
Sarawak,Pulau Pinang,2027,204.087201890781,forecast_ml,Sarawak,Penang
Sarawak,Sabah,2027,279.3764432367864,forecast_ml,Sarawak,Sabah
Sarawak,Sarawak,2027,4045.599398263745,forecast_ml,Sarawak,Sarawak
Sarawak,Selangor,2027,440.7718732930276,forecast_ml,Sarawak,Selangor
Sarawak,Terengganu,2027,17.4018951262815,forecast_ml,Sarawak,Terengganu
Sarawak,W.P. Kuala Lumpur,2027,746.5734810466737,forecast_ml,Sarawak,Kuala Lumpur
Sarawak,W.P. Labuan,2027,9.32764823301786,forecast_ml,Sarawak,Labuan
Sarawak,W.P. Putrajaya,2027,18.02315952003916,forecast_ml,Sarawak,Putrajaya
Selangor,Johor,2027,2309.532301974157,forecast_ml,Selangor,Johor
Selangor,Kedah,2027,1736.562037071455,forecast_ml,Selangor,Kedah
Selangor,Kelantan,2027,1922.163590164932,forecast_ml,Selangor,Kelantan
Selangor,Melaka,2027,2498.081853586331,forecast_ml,Selangor,Malacca
Selangor,Negeri Sembilan,2027,1562.348921686188,forecast_ml,Selangor,Negeri Sembilan
Selangor,Pahang,2027,2377.804665410345,forecast_ml,Selangor,Pahang
Selangor,Perak,2027,2797.640358325302,forecast_ml,Selangor,Perak
Selangor,Perlis,2027,769.9028923411751,forecast_ml,Selangor,Perlis
Selangor,Pulau Pinang,2027,2181.998700543607,forecast_ml,Selangor,Penang
Selangor,Sabah,2027,1009.184424259419,forecast_ml,Selangor,Sabah
Selangor,Sarawak,2027,593.0149044062898,forecast_ml,Selangor,Sarawak
Selangor,Selangor,2027,2636.594972027351,forecast_ml,Selangor,Selangor
Selangor,Terengganu,2027,911.9880149477839,forecast_ml,Selangor,Terengganu
Selangor,W.P. Kuala Lumpur,2027,2060.615655769557,forecast_ml,Selangor,Kuala Lumpur
Selangor,W.P. Labuan,2027,54.1376046076078,forecast_ml,Selangor,Labuan
Selangor,W.P. Putrajaya,2027,124.6987146885997,forecast_ml,Selangor,Putrajaya
Terengganu,Johor,2027,56.53372332919331,forecast_ml,Terengganu,Johor
Terengganu,Kedah,2027,39.8617162769073,forecast_ml,Terengganu,Kedah
Terengganu,Kelantan,2027,697.4287306569709,forecast_ml,Terengganu,Kelantan
Terengganu,Melaka,2027,54.04638010828538,forecast_ml,Terengganu,Malacca
Terengganu,Negeri Sembilan,2027,43.42220440506221,forecast_ml,Terengganu,Negeri Sembilan
Terengganu,Pahang,2027,352.0716974211896,forecast_ml,Terengganu,Pahang
Terengganu,Perak,2027,191.7782298577198,forecast_ml,Terengganu,Perak
Terengganu,Perlis,2027,10.38046274332618,forecast_ml,Terengganu,Perlis
Terengganu,Pulau Pinang,2027,118.0369898189525,forecast_ml,Terengganu,Penang
Terengganu,Sabah,2027,26.32874237227106,forecast_ml,Terengganu,Sabah
Terengganu,Sarawak,2027,29.45842253067933,forecast_ml,Terengganu,Sarawak
Terengganu,Selangor,2027,341.686606775284,forecast_ml,Terengganu,Selangor
Terengganu,Terengganu,2027,831.1631701423369,forecast_ml,Terengganu,Terengganu
Terengganu,W.P. Kuala Lumpur,2027,447.4135658633313,forecast_ml,Terengganu,Kuala Lumpur
Terengganu,W.P. Labuan,2027,13.40626674895929,forecast_ml,Terengganu,Labuan
Terengganu,W.P. Putrajaya,2027,35.14120093116173,forecast_ml,Terengganu,Putrajaya
W.P. Kuala Lumpur,Johor,2027,1708.627867897728,forecast_ml,Kuala Lumpur,Johor
W.P. Kuala Lumpur,Kedah,2027,1074.654099905114,forecast_ml,Kuala Lumpur,Kedah
W.P. Kuala Lumpur,Kelantan,2027,1126.674353246537,forecast_ml,Kuala Lumpur,Kelantan
W.P. Kuala Lumpur,Melaka,2027,1396.806046020928,forecast_ml,Kuala Lumpur,Malacca
W.P. Kuala Lumpur,Negeri Sembilan,2027,1529.061001053586,forecast_ml,Kuala Lumpur,Negeri Sembilan
W.P. Kuala Lumpur,Pahang,2027,1852.166358693344,forecast_ml,Kuala Lumpur,Pahang
W.P. Kuala Lumpur,Perak,2027,1862.394638238043,forecast_ml,Kuala Lumpur,Perak
W.P. Kuala Lumpur,Perlis,2027,210.3672092418211,forecast_ml,Kuala Lumpur,Perlis
W.P. Kuala Lumpur,Pulau Pinang,2027,950.5755994536272,forecast_ml,Kuala Lumpur,Penang
W.P. Kuala Lumpur,Sabah,2027,302.2154152176483,forecast_ml,Kuala Lumpur,Sabah
W.P. Kuala Lumpur,Sarawak,2027,655.3519783963434,forecast_ml,Kuala Lumpur,Sarawak
W.P. Kuala Lumpur,Selangor,2027,1506.504849876069,forecast_ml,Kuala Lumpur,Selangor
W.P. Kuala Lumpur,Terengganu,2027,961.6402707192342,forecast_ml,Kuala Lumpur,Terengganu
W.P. Kuala Lumpur,W.P. Kuala Lumpur,2027,912.6215628651033,forecast_ml,Kuala Lumpur,Kuala Lumpur
W.P. Kuala Lumpur,W.P. Labuan,2027,10.34383912149965,forecast_ml,Kuala Lumpur,Labuan
W.P. Kuala Lumpur,W.P. Putrajaya,2027,58.03632818526648,forecast_ml,Kuala Lumpur,Putrajaya
W.P. Labuan,Johor,2027,7.056800365161294,forecast_ml,Labuan,Johor
W.P. Labuan,Kedah,2027,7.193595977159585,forecast_ml,Labuan,Kedah
W.P. Labuan,Kelantan,2027,13.94639738701587,forecast_ml,Labuan,Kelantan
W.P. Labuan,Melaka,2027,8.456043476403053,forecast_ml,Labuan,Malacca
W.P. Labuan,Negeri Sembilan,2027,15.74722603111925,forecast_ml,Labuan,Negeri Sembilan
W.P. Labuan,Pahang,2027,16.73613569999528,forecast_ml,Labuan,Pahang
W.P. Labuan,Perak,2027,5.30023270687804,forecast_ml,Labuan,Perak
W.P. Labuan,Perlis,2027,5.099417112368283,forecast_ml,Labuan,Perlis
W.P. Labuan,Pulau Pinang,2027,4.566114261101444,forecast_ml,Labuan,Penang
W.P. Labuan,Sabah,2027,284.1158822824387,forecast_ml,Labuan,Sabah
W.P. Labuan,Sarawak,2027,18.64371068573339,forecast_ml,Labuan,Sarawak
W.P. Labuan,Selangor,2027,18.30254062730469,forecast_ml,Labuan,Selangor
W.P. Labuan,Terengganu,2027,5.923052418212462,forecast_ml,Labuan,Terengganu
W.P. Labuan,W.P. Kuala Lumpur,2027,26.14122405568995,forecast_ml,Labuan,Kuala Lumpur
W.P. Labuan,W.P. Labuan,2027,10.16612757018152,forecast_ml,Labuan,Labuan
W.P. Labuan,W.P. Putrajaya,2027,8.281039134564262,forecast_ml,Labuan,Putrajaya
W.P. Putrajaya,Johor,2027,44.65567258723453,forecast_ml,Putrajaya,Johor
W.P. Putrajaya,Kedah,2027,49.70001638944458,forecast_ml,Putrajaya,Kedah
W.P. Putrajaya,Kelantan,2027,57.84211706360855,forecast_ml,Putrajaya,Kelantan
W.P. Putrajaya,Melaka,2027,56.09621588690311,forecast_ml,Putrajaya,Malacca
W.P. Putrajaya,Negeri Sembilan,2027,106.045560343537,forecast_ml,Putrajaya,Negeri Sembilan
W.P. Putrajaya,Pahang,2027,44.87042917857764,forecast_ml,Putrajaya,Pahang
W.P. Putrajaya,Perak,2027,79.66349632100419,forecast_ml,Putrajaya,Perak
W.P. Putrajaya,Perlis,2027,6.539870320759741,forecast_ml,Putrajaya,Perlis
W.P. Putrajaya,Pulau Pinang,2027,18.49153733999555,forecast_ml,Putrajaya,Penang
W.P. Putrajaya,Sabah,2027,7.961348465262072,forecast_ml,Putrajaya,Sabah
W.P. Putrajaya,Sarawak,2027,20.02873837653651,forecast_ml,Putrajaya,Sarawak
W.P. Putrajaya,Selangor,2027,49.91137644803396,forecast_ml,Putrajaya,Selangor
W.P. Putrajaya,Terengganu,2027,23.97463034812493,forecast_ml,Putrajaya,Terengganu
W.P. Putrajaya,W.P. Kuala Lumpur,2027,46.53582113280649,forecast_ml,Putrajaya,Kuala Lumpur
W.P. Putrajaya,W.P. Labuan,2027,3.069894277689825,forecast_ml,Putrajaya,Labuan
W.P. Putrajaya,W.P. Putrajaya,2027,16.22555235194168,forecast_ml,Putrajaya,Putrajaya
Johor,Johor,2028,3196.454709578242,forecast_ml,Johor,Johor
Johor,Kedah,2028,998.0925073506688,forecast_ml,Johor,Kedah
Johor,Kelantan,2028,915.8813340403201,forecast_ml,Johor,Kelantan
Johor,Melaka,2028,2617.780866798762,forecast_ml,Johor,Malacca
Johor,Negeri Sembilan,2028,2001.109922152178,forecast_ml,Johor,Negeri Sembilan
Johor,Pahang,2028,1574.265949303436,forecast_ml,Johor,Pahang
Johor,Perak,2028,427.1370580643313,forecast_ml,Johor,Perak
Johor,Perlis,2028,139.2975280040899,forecast_ml,Johor,Perlis
Johor,Pulau Pinang,2028,263.5244098076281,forecast_ml,Johor,Penang
Johor,Sabah,2028,293.1543210642239,forecast_ml,Johor,Sabah
Johor,Sarawak,2028,535.1332956784469,forecast_ml,Johor,Sarawak
Johor,Selangor,2028,1168.330311851335,forecast_ml,Johor,Selangor
Johor,Terengganu,2028,465.0724489316224,forecast_ml,Johor,Terengganu
Johor,W.P. Kuala Lumpur,2028,832.9383261613203,forecast_ml,Johor,Kuala Lumpur
Johor,W.P. Labuan,2028,14.20750395733846,forecast_ml,Johor,Labuan
Johor,W.P. Putrajaya,2028,112.6851527223729,forecast_ml,Johor,Putrajaya
Kedah,Johor,2028,257.0428747624818,forecast_ml,Kedah,Johor
Kedah,Kedah,2028,1727.681010083116,forecast_ml,Kedah,Kedah
Kedah,Kelantan,2028,632.403221145603,forecast_ml,Kedah,Kelantan
Kedah,Melaka,2028,420.395000007689,forecast_ml,Kedah,Malacca
Kedah,Negeri Sembilan,2028,309.4585573368433,forecast_ml,Kedah,Negeri Sembilan
Kedah,Pahang,2028,513.3788789156156,forecast_ml,Kedah,Pahang
Kedah,Perak,2028,1010.525584339268,forecast_ml,Kedah,Perak
Kedah,Perlis,2028,279.615770701872,forecast_ml,Kedah,Perlis
Kedah,Pulau Pinang,2028,610.5263083879325,forecast_ml,Kedah,Penang
Kedah,Sabah,2028,170.5676286996094,forecast_ml,Kedah,Sabah
Kedah,Sarawak,2028,192.1561624198363,forecast_ml,Kedah,Sarawak
Kedah,Selangor,2028,654.8650690735368,forecast_ml,Kedah,Selangor
Kedah,Terengganu,2028,448.3713035633814,forecast_ml,Kedah,Terengganu
Kedah,W.P. Kuala Lumpur,2028,934.2111439252741,forecast_ml,Kedah,Kuala Lumpur
Kedah,W.P. Labuan,2028,15.07337705525791,forecast_ml,Kedah,Labuan
Kedah,W.P. Putrajaya,2028,126.5351009920319,forecast_ml,Kedah,Putrajaya
Kelantan,Johor,2028,140.3148379314265,forecast_ml,Kelantan,Johor
Kelantan,Kedah,2028,139.5345226506927,forecast_ml,Kelantan,Kedah
Kelantan,Kelantan,2028,1101.14391662655,forecast_ml,Kelantan,Kelantan
Kelantan,Melaka,2028,169.7467024669587,forecast_ml,Kelantan,Malacca
Kelantan,Negeri Sembilan,2028,150.1118840864244,forecast_ml,Kelantan,Negeri Sembilan
Kelantan,Pahang,2028,343.4659000170105,forecast_ml,Kelantan,Pahang
Kelantan,Perak,2028,247.8532874509717,forecast_ml,Kelantan,Perak
Kelantan,Perlis,2028,52.80861348434691,forecast_ml,Kelantan,Perlis
Kelantan,Pulau Pinang,2028,133.0796346948243,forecast_ml,Kelantan,Penang
Kelantan,Sabah,2028,130.7745879603495,forecast_ml,Kelantan,Sabah
Kelantan,Sarawak,2028,165.977005977397,forecast_ml,Kelantan,Sarawak
Kelantan,Selangor,2028,787.9414384486355,forecast_ml,Kelantan,Selangor
Kelantan,Terengganu,2028,755.7200907177646,forecast_ml,Kelantan,Terengganu
Kelantan,W.P. Kuala Lumpur,2028,361.9637462857593,forecast_ml,Kelantan,Kuala Lumpur
Kelantan,W.P. Labuan,2028,5.306599559527914,forecast_ml,Kelantan,Labuan
Kelantan,W.P. Putrajaya,2028,110.4080242425349,forecast_ml,Kelantan,Putrajaya
Melaka,Johor,2028,739.4899422465429,forecast_ml,Malacca,Johor
Melaka,Kedah,2028,279.8350665314048,forecast_ml,Malacca,Kedah
Melaka,Kelantan,2028,102.4795139479831,forecast_ml,Malacca,Kelantan
Melaka,Melaka,2028,433.3579898065972,forecast_ml,Malacca,Malacca
Melaka,Negeri Sembilan,2028,587.4005871960397,forecast_ml,Malacca,Negeri Sembilan
Melaka,Pahang,2028,522.746528208663,forecast_ml,Malacca,Pahang
Melaka,Perak,2028,402.7192771405365,forecast_ml,Malacca,Perak
Melaka,Perlis,2028,65.87512815121562,forecast_ml,Malacca,Perlis
Melaka,Pulau Pinang,2028,176.1933670005832,forecast_ml,Malacca,Penang
Melaka,Sabah,2028,69.48272912455157,forecast_ml,Malacca,Sabah
Melaka,Sarawak,2028,110.4592298615851,forecast_ml,Malacca,Sarawak
Melaka,Selangor,2028,500.5315537575599,forecast_ml,Malacca,Selangor
Melaka,Terengganu,2028,419.1151904491099,forecast_ml,Malacca,Terengganu
Melaka,W.P. Kuala Lumpur,2028,598.1199059508314,forecast_ml,Malacca,Kuala Lumpur
Melaka,W.P. Labuan,2028,12.28559611544766,forecast_ml,Malacca,Labuan
Melaka,W.P. Putrajaya,2028,80.15910438364597,forecast_ml,Malacca,Putrajaya
Negeri Sembilan,Johor,2028,607.2193725671859,forecast_ml,Negeri Sembilan,Johor
Negeri Sembilan,Kedah,2028,164.3753976166408,forecast_ml,Negeri Sembilan,Kedah
Negeri Sembilan,Kelantan,2028,455.2520252680072,forecast_ml,Negeri Sembilan,Kelantan
Negeri Sembilan,Melaka,2028,454.2320799637607,forecast_ml,Negeri Sembilan,Malacca
Negeri Sembilan,Negeri Sembilan,2028,836.151813615033,forecast_ml,Negeri Sembilan,Negeri Sembilan
Negeri Sembilan,Pahang,2028,561.0980821652633,forecast_ml,Negeri Sembilan,Pahang
Negeri Sembilan,Perak,2028,386.5818392270568,forecast_ml,Negeri Sembilan,Perak
Negeri Sembilan,Perlis,2028,32.61280555829649,forecast_ml,Negeri Sembilan,Perlis
Negeri Sembilan,Pulau Pinang,2028,150.9269583211389,forecast_ml,Negeri Sembilan,Penang
Negeri Sembilan,Sabah,2028,76.7627075384037,forecast_ml,Negeri Sembilan,Sabah
Negeri Sembilan,Sarawak,2028,138.8251550797517,forecast_ml,Negeri Sembilan,Sarawak
Negeri Sembilan,Selangor,2028,522.2153722160886,forecast_ml,Negeri Sembilan,Selangor
Negeri Sembilan,Terengganu,2028,268.1266246639625,forecast_ml,Negeri Sembilan,Terengganu
Negeri Sembilan,W.P. Kuala Lumpur,2028,517.5366916088918,forecast_ml,Negeri Sembilan,Kuala Lumpur
Negeri Sembilan,W.P. Labuan,2028,73.02825753599546,forecast_ml,Negeri Sembilan,Labuan
Negeri Sembilan,W.P. Putrajaya,2028,87.95052955499379,forecast_ml,Negeri Sembilan,Putrajaya
Pahang,Johor,2028,907.5883887264806,forecast_ml,Pahang,Johor
Pahang,Kedah,2028,480.3169814342705,forecast_ml,Pahang,Kedah
Pahang,Kelantan,2028,928.3073132425149,forecast_ml,Pahang,Kelantan
Pahang,Melaka,2028,500.5302644467894,forecast_ml,Pahang,Malacca
Pahang,Negeri Sembilan,2028,592.0038807187133,forecast_ml,Pahang,Negeri Sembilan
Pahang,Pahang,2028,2566.277953154441,forecast_ml,Pahang,Pahang
Pahang,Perak,2028,948.0817522053898,forecast_ml,Pahang,Perak
Pahang,Perlis,2028,56.38180106807558,forecast_ml,Pahang,Perlis
Pahang,Pulau Pinang,2028,469.096348839693,forecast_ml,Pahang,Penang
Pahang,Sabah,2028,48.22274461348107,forecast_ml,Pahang,Sabah
Pahang,Sarawak,2028,77.94913129511379,forecast_ml,Pahang,Sarawak
Pahang,Selangor,2028,1261.631211829707,forecast_ml,Pahang,Selangor
Pahang,Terengganu,2028,816.9891427695392,forecast_ml,Pahang,Terengganu
Pahang,W.P. Kuala Lumpur,2028,913.2307044978295,forecast_ml,Pahang,Kuala Lumpur
Pahang,W.P. Labuan,2028,14.67974907201469,forecast_ml,Pahang,Labuan
Pahang,W.P. Putrajaya,2028,57.1180426844798,forecast_ml,Pahang,Putrajaya
Perak,Johor,2028,839.9243489901878,forecast_ml,Perak,Johor
Perak,Kedah,2028,1122.220175813673,forecast_ml,Perak,Kedah
Perak,Kelantan,2028,840.0565308513875,forecast_ml,Perak,Kelantan
Perak,Melaka,2028,755.946856695338,forecast_ml,Perak,Malacca
Perak,Negeri Sembilan,2028,696.8956077179746,forecast_ml,Perak,Negeri Sembilan
Perak,Pahang,2028,986.1619746643361,forecast_ml,Perak,Pahang
Perak,Perak,2028,1832.802223349579,forecast_ml,Perak,Perak
Perak,Perlis,2028,538.50608226814,forecast_ml,Perak,Perlis
Perak,Pulau Pinang,2028,834.100686805716,forecast_ml,Perak,Penang
Perak,Sabah,2028,409.2798213787019,forecast_ml,Perak,Sabah
Perak,Sarawak,2028,348.5818650383551,forecast_ml,Perak,Sarawak
Perak,Selangor,2028,1745.987626573626,forecast_ml,Perak,Selangor
Perak,Terengganu,2028,885.9783673061751,forecast_ml,Perak,Terengganu
Perak,W.P. Kuala Lumpur,2028,1771.858462603505,forecast_ml,Perak,Kuala Lumpur
Perak,W.P. Labuan,2028,12.51971221436951,forecast_ml,Perak,Labuan
Perak,W.P. Putrajaya,2028,135.0105775021136,forecast_ml,Perak,Putrajaya
Perlis,Johor,2028,90.04799743943532,forecast_ml,Perlis,Johor
Perlis,Kedah,2028,469.6147674913466,forecast_ml,Perlis,Kedah
Perlis,Kelantan,2028,156.6461443678955,forecast_ml,Perlis,Kelantan
Perlis,Melaka,2028,92.76257036973546,forecast_ml,Perlis,Malacca
Perlis,Negeri Sembilan,2028,108.363981457493,forecast_ml,Perlis,Negeri Sembilan
Perlis,Pahang,2028,199.6280117517612,forecast_ml,Perlis,Pahang
Perlis,Perak,2028,324.5328934090655,forecast_ml,Perlis,Perak
Perlis,Perlis,2028,65.58065835787471,forecast_ml,Perlis,Perlis
Perlis,Pulau Pinang,2028,308.4054990385929,forecast_ml,Perlis,Penang
Perlis,Sabah,2028,52.89345367188174,forecast_ml,Perlis,Sabah
Perlis,Sarawak,2028,16.02622838133269,forecast_ml,Perlis,Sarawak
Perlis,Selangor,2028,269.7825510805215,forecast_ml,Perlis,Selangor
Perlis,Terengganu,2028,115.4564519164291,forecast_ml,Perlis,Terengganu
Perlis,W.P. Kuala Lumpur,2028,318.9200470587131,forecast_ml,Perlis,Kuala Lumpur
Perlis,W.P. Labuan,2028,11.73435488078525,forecast_ml,Perlis,Labuan
Perlis,W.P. Putrajaya,2028,54.70461244152989,forecast_ml,Perlis,Putrajaya
Pulau Pinang,Johor,2028,301.6594339004612,forecast_ml,Penang,Johor
Pulau Pinang,Kedah,2028,1377.206136639925,forecast_ml,Penang,Kedah
Pulau Pinang,Kelantan,2028,413.3343677765471,forecast_ml,Penang,Kelantan
Pulau Pinang,Melaka,2028,276.1831514096261,forecast_ml,Penang,Malacca
Pulau Pinang,Negeri Sembilan,2028,219.874737298811,forecast_ml,Penang,Negeri Sembilan
Pulau Pinang,Pahang,2028,696.4594996801479,forecast_ml,Penang,Pahang
Pulau Pinang,Perak,2028,762.796921430124,forecast_ml,Penang,Perak
Pulau Pinang,Perlis,2028,476.4886017740589,forecast_ml,Penang,Perlis
Pulau Pinang,Pulau Pinang,2028,614.9648046765247,forecast_ml,Penang,Penang
Pulau Pinang,Sabah,2028,516.202955083358,forecast_ml,Penang,Sabah
Pulau Pinang,Sarawak,2028,207.7563527739009,forecast_ml,Penang,Sarawak
Pulau Pinang,Selangor,2028,730.4500674135987,forecast_ml,Penang,Selangor
Pulau Pinang,Terengganu,2028,655.1502531650453,forecast_ml,Penang,Terengganu
Pulau Pinang,W.P. Kuala Lumpur,2028,704.5757032570774,forecast_ml,Penang,Kuala Lumpur
Pulau Pinang,W.P. Labuan,2028,6.897988733691204,forecast_ml,Penang,Labuan
Pulau Pinang,W.P. Putrajaya,2028,88.14678918515001,forecast_ml,Penang,Putrajaya
Sabah,Johor,2028,116.3215012635288,forecast_ml,Sabah,Johor
Sabah,Kedah,2028,436.264758127138,forecast_ml,Sabah,Kedah
Sabah,Kelantan,2028,438.6409760034902,forecast_ml,Sabah,Kelantan
Sabah,Melaka,2028,116.3174738214577,forecast_ml,Sabah,Malacca
Sabah,Negeri Sembilan,2028,98.00829386927286,forecast_ml,Sabah,Negeri Sembilan
Sabah,Pahang,2028,459.1443517703802,forecast_ml,Sabah,Pahang
Sabah,Perak,2028,134.8707089068667,forecast_ml,Sabah,Perak
Sabah,Perlis,2028,41.80147815569111,forecast_ml,Sabah,Perlis
Sabah,Pulau Pinang,2028,128.0709081018327,forecast_ml,Sabah,Penang
Sabah,Sabah,2028,4126.157907981235,forecast_ml,Sabah,Sabah
Sabah,Sarawak,2028,771.4404874323437,forecast_ml,Sabah,Sarawak
Sabah,Selangor,2028,823.2406461957387,forecast_ml,Sabah,Selangor
Sabah,Terengganu,2028,106.216098494963,forecast_ml,Sabah,Terengganu
Sabah,W.P. Kuala Lumpur,2028,932.325818428159,forecast_ml,Sabah,Kuala Lumpur
Sabah,W.P. Labuan,2028,170.7911309834629,forecast_ml,Sabah,Labuan
Sabah,W.P. Putrajaya,2028,74.71454132964959,forecast_ml,Sabah,Putrajaya
Sarawak,Johor,2028,92.60671951750395,forecast_ml,Sarawak,Johor
Sarawak,Kedah,2028,73.92302287943731,forecast_ml,Sarawak,Kedah
Sarawak,Kelantan,2028,105.1935049316825,forecast_ml,Sarawak,Kelantan
Sarawak,Melaka,2028,82.09556308966597,forecast_ml,Sarawak,Malacca
Sarawak,Negeri Sembilan,2028,66.37050517062919,forecast_ml,Sarawak,Negeri Sembilan
Sarawak,Pahang,2028,18.69784661475197,forecast_ml,Sarawak,Pahang
Sarawak,Perak,2028,22.03620884479432,forecast_ml,Sarawak,Perak
Sarawak,Perlis,2028,13.68987074910234,forecast_ml,Sarawak,Perlis
Sarawak,Pulau Pinang,2028,254.5491304110576,forecast_ml,Sarawak,Penang
Sarawak,Sabah,2028,256.0429384540328,forecast_ml,Sarawak,Sabah
Sarawak,Sarawak,2028,3744.596103615714,forecast_ml,Sarawak,Sarawak
Sarawak,Selangor,2028,506.6950881561516,forecast_ml,Sarawak,Selangor
Sarawak,Terengganu,2028,24.46287983115135,forecast_ml,Sarawak,Terengganu
Sarawak,W.P. Kuala Lumpur,2028,774.4590774376909,forecast_ml,Sarawak,Kuala Lumpur
Sarawak,W.P. Labuan,2028,22.542053350154,forecast_ml,Sarawak,Labuan
Sarawak,W.P. Putrajaya,2028,21.55326389927096,forecast_ml,Sarawak,Putrajaya
Selangor,Johor,2028,2432.435977093805,forecast_ml,Selangor,Johor
Selangor,Kedah,2028,1733.68557458445,forecast_ml,Selangor,Kedah
Selangor,Kelantan,2028,1972.527204385995,forecast_ml,Selangor,Kelantan
Selangor,Melaka,2028,2576.528002422277,forecast_ml,Selangor,Malacca
Selangor,Negeri Sembilan,2028,1642.1203880478,forecast_ml,Selangor,Negeri Sembilan
Selangor,Pahang,2028,2491.777437755632,forecast_ml,Selangor,Pahang
Selangor,Perak,2028,2756.705138841451,forecast_ml,Selangor,Perak
Selangor,Perlis,2028,863.1663405465927,forecast_ml,Selangor,Perlis
Selangor,Pulau Pinang,2028,2538.203252709825,forecast_ml,Selangor,Penang
Selangor,Sabah,2028,1152.732540457238,forecast_ml,Selangor,Sabah
Selangor,Sarawak,2028,615.4260459357931,forecast_ml,Selangor,Sarawak
Selangor,Selangor,2028,2593.457245774581,forecast_ml,Selangor,Selangor
Selangor,Terengganu,2028,863.764985162649,forecast_ml,Selangor,Terengganu
Selangor,W.P. Kuala Lumpur,2028,2282.872329952935,forecast_ml,Selangor,Kuala Lumpur
Selangor,W.P. Labuan,2028,72.41204571320908,forecast_ml,Selangor,Labuan
Selangor,W.P. Putrajaya,2028,160.7442093326662,forecast_ml,Selangor,Putrajaya
Terengganu,Johor,2028,103.9990089440067,forecast_ml,Terengganu,Johor
Terengganu,Kedah,2028,48.53977158476971,forecast_ml,Terengganu,Kedah
Terengganu,Kelantan,2028,750.022539320392,forecast_ml,Terengganu,Kelantan
Terengganu,Melaka,2028,107.2266580103226,forecast_ml,Terengganu,Malacca
Terengganu,Negeri Sembilan,2028,75.14929173528957,forecast_ml,Terengganu,Negeri Sembilan
Terengganu,Pahang,2028,389.2811327986415,forecast_ml,Terengganu,Pahang
Terengganu,Perak,2028,222.2244253345521,forecast_ml,Terengganu,Perak
Terengganu,Perlis,2028,12.90241080833854,forecast_ml,Terengganu,Perlis
Terengganu,Pulau Pinang,2028,159.2684092757176,forecast_ml,Terengganu,Penang
Terengganu,Sabah,2028,19.16635427399921,forecast_ml,Terengganu,Sabah
Terengganu,Sarawak,2028,44.35789710858856,forecast_ml,Terengganu,Sarawak
Terengganu,Selangor,2028,349.2019377025554,forecast_ml,Terengganu,Selangor
Terengganu,Terengganu,2028,762.0458798373782,forecast_ml,Terengganu,Terengganu
Terengganu,W.P. Kuala Lumpur,2028,664.1780828406296,forecast_ml,Terengganu,Kuala Lumpur
Terengganu,W.P. Labuan,2028,9.309792154277797,forecast_ml,Terengganu,Labuan
Terengganu,W.P. Putrajaya,2028,42.04614143593371,forecast_ml,Terengganu,Putrajaya
W.P. Kuala Lumpur,Johor,2028,1695.707970035986,forecast_ml,Kuala Lumpur,Johor
W.P. Kuala Lumpur,Kedah,2028,1166.721644270847,forecast_ml,Kuala Lumpur,Kedah
W.P. Kuala Lumpur,Kelantan,2028,1127.251270821985,forecast_ml,Kuala Lumpur,Kelantan
W.P. Kuala Lumpur,Melaka,2028,1343.649484663935,forecast_ml,Kuala Lumpur,Malacca
W.P. Kuala Lumpur,Negeri Sembilan,2028,1352.41487513548,forecast_ml,Kuala Lumpur,Negeri Sembilan
W.P. Kuala Lumpur,Pahang,2028,1744.992609296879,forecast_ml,Kuala Lumpur,Pahang
W.P. Kuala Lumpur,Perak,2028,1866.547655703672,forecast_ml,Kuala Lumpur,Perak
W.P. Kuala Lumpur,Perlis,2028,277.2697622975243,forecast_ml,Kuala Lumpur,Perlis
W.P. Kuala Lumpur,Pulau Pinang,2028,934.5935418310199,forecast_ml,Kuala Lumpur,Penang
W.P. Kuala Lumpur,Sabah,2028,350.1714167363873,forecast_ml,Kuala Lumpur,Sabah
W.P. Kuala Lumpur,Sarawak,2028,837.9875249145833,forecast_ml,Kuala Lumpur,Sarawak
W.P. Kuala Lumpur,Selangor,2028,1680.821552800461,forecast_ml,Kuala Lumpur,Selangor
W.P. Kuala Lumpur,Terengganu,2028,1002.079993515136,forecast_ml,Kuala Lumpur,Terengganu
W.P. Kuala Lumpur,W.P. Kuala Lumpur,2028,1015.403752583232,forecast_ml,Kuala Lumpur,Kuala Lumpur
W.P. Kuala Lumpur,W.P. Labuan,2028,13.84698603546077,forecast_ml,Kuala Lumpur,Labuan
W.P. Kuala Lumpur,W.P. Putrajaya,2028,72.1539692298215,forecast_ml,Kuala Lumpur,Putrajaya
W.P. Labuan,Johor,2028,15.83229241770921,forecast_ml,Labuan,Johor
W.P. Labuan,Kedah,2028,11.04968691720919,forecast_ml,Labuan,Kedah
W.P. Labuan,Kelantan,2028,24.65111664195171,forecast_ml,Labuan,Kelantan
W.P. Labuan,Melaka,2028,17.18976080378158,forecast_ml,Labuan,Malacca
W.P. Labuan,Negeri Sembilan,2028,34.10844229029494,forecast_ml,Labuan,Negeri Sembilan
W.P. Labuan,Pahang,2028,14.20861172220422,forecast_ml,Labuan,Pahang
W.P. Labuan,Perak,2028,6.345426090015387,forecast_ml,Labuan,Perak
W.P. Labuan,Perlis,2028,5.946546096026592,forecast_ml,Labuan,Perlis
W.P. Labuan,Pulau Pinang,2028,9.50688407907912,forecast_ml,Labuan,Penang
W.P. Labuan,Sabah,2028,365.079613358091,forecast_ml,Labuan,Sabah
W.P. Labuan,Sarawak,2028,13.2150950981682,forecast_ml,Labuan,Sarawak
W.P. Labuan,Selangor,2028,24.6417912690159,forecast_ml,Labuan,Selangor
W.P. Labuan,Terengganu,2028,6.892138601583851,forecast_ml,Labuan,Terengganu
W.P. Labuan,W.P. Kuala Lumpur,2028,37.08322638201773,forecast_ml,Labuan,Kuala Lumpur
W.P. Labuan,W.P. Labuan,2028,6.064136728580368,forecast_ml,Labuan,Labuan
W.P. Labuan,W.P. Putrajaya,2028,5.519022846210246,forecast_ml,Labuan,Putrajaya
W.P. Putrajaya,Johor,2028,76.73253749913138,forecast_ml,Putrajaya,Johor
W.P. Putrajaya,Kedah,2028,50.00647676266379,forecast_ml,Putrajaya,Kedah
W.P. Putrajaya,Kelantan,2028,54.62865567594245,forecast_ml,Putrajaya,Kelantan
W.P. Putrajaya,Melaka,2028,46.25957277732591,forecast_ml,Putrajaya,Malacca
W.P. Putrajaya,Negeri Sembilan,2028,131.2846926311092,forecast_ml,Putrajaya,Negeri Sembilan
W.P. Putrajaya,Pahang,2028,50.66733366317258,forecast_ml,Putrajaya,Pahang
W.P. Putrajaya,Perak,2028,95.98676155592584,forecast_ml,Putrajaya,Perak
W.P. Putrajaya,Perlis,2028,9.651015889862704,forecast_ml,Putrajaya,Perlis
W.P. Putrajaya,Pulau Pinang,2028,20.3233899216563,forecast_ml,Putrajaya,Penang
W.P. Putrajaya,Sabah,2028,7.456429144035216,forecast_ml,Putrajaya,Sabah
W.P. Putrajaya,Sarawak,2028,13.47227384303598,forecast_ml,Putrajaya,Sarawak
W.P. Putrajaya,Selangor,2028,44.16009753003928,forecast_ml,Putrajaya,Selangor
W.P. Putrajaya,Terengganu,2028,22.16219196405886,forecast_ml,Putrajaya,Terengganu
W.P. Putrajaya,W.P. Kuala Lumpur,2028,53.2626895853595,forecast_ml,Putrajaya,Kuala Lumpur
W.P. Putrajaya,W.P. Labuan,2028,3.238133372300513,forecast_ml,Putrajaya,Labuan
W.P. Putrajaya,W.P. Putrajaya,2028,15.31466608561521,forecast_ml,Putrajaya,Putrajaya
Malaysia,Johor,2026,10664.05045024733,forecast_ensemble_total,Malaysia,Johor
Malaysia,Johor,2027,11315.46724558793,forecast_ensemble_total,Malaysia,Johor
Malaysia,Johor,2028,12007.29628961285,forecast_ensemble_total,Malaysia,Johor
Malaysia,Kedah,2026,7856.531962607721,forecast_ensemble_total,Malaysia,Kedah
Malaysia,Kedah,2027,8330.84195136797,forecast_ensemble_total,Malaysia,Kedah
Malaysia,Kedah,2028,8788.616818913237,forecast_ensemble_total,Malaysia,Kedah
Malaysia,Kelantan,2026,7479.471910791176,forecast_ensemble_total,Malaysia,Kelantan
Malaysia,Kelantan,2027,8490.589848686866,forecast_ensemble_total,Malaysia,Kelantan
Malaysia,Kelantan,2028,9374.417061870126,forecast_ensemble_total,Malaysia,Kelantan
Malaysia,Melaka,2026,7910.165313984488,forecast_ensemble_total,Malaysia,Malacca
Malaysia,Melaka,2027,8839.91652704917,forecast_ensemble_total,Malaysia,Malacca
Malaysia,Melaka,2028,9557.226418593047,forecast_ensemble_total,Malaysia,Malacca
Malaysia,Negeri Sembilan,2026,7071.668734148381,forecast_ensemble_total,Malaysia,Negeri Sembilan
Malaysia,Negeri Sembilan,2027,7920.754318396001,forecast_ensemble_total,Malaysia,Negeri Sembilan
Malaysia,Negeri Sembilan,2028,8847.979278520728,forecast_ensemble_total,Malaysia,Negeri Sembilan
Malaysia,Pahang,2026,11730.43687141172,forecast_ensemble_total,Malaysia,Pahang
Malaysia,Pahang,2027,12647.05854215528,forecast_ensemble_total,Malaysia,Pahang
Malaysia,Pahang,2028,13454.15645383175,forecast_ensemble_total,Malaysia,Pahang
Malaysia,Perak,2026,11044.28660560262,forecast_ensemble_total,Malaysia,Perak
Malaysia,Perak,2027,11711.42464985843,forecast_ensemble_total,Malaysia,Perak
Malaysia,Perak,2028,12400.57327741214,forecast_ensemble_total,Malaysia,Perak
Malaysia,Perlis,2026,1713.542587342513,forecast_ensemble_total,Malaysia,Perlis
Malaysia,Perlis,2027,2095.042138783503,forecast_ensemble_total,Malaysia,Perlis
Malaysia,Perlis,2028,2462.297798737276,forecast_ensemble_total,Malaysia,Perlis
Malaysia,Pulau Pinang,2026,6201.875178156482,forecast_ensemble_total,Malaysia,Penang
Malaysia,Pulau Pinang,2027,6790.730025095458,forecast_ensemble_total,Malaysia,Penang
Malaysia,Pulau Pinang,2028,7476.099678798432,forecast_ensemble_total,Malaysia,Penang
Malaysia,Sabah,2026,7975.726810420616,forecast_ensemble_total,Malaysia,Sabah
Malaysia,Sabah,2027,8831.854527176876,forecast_ensemble_total,Malaysia,Sabah
Malaysia,Sabah,2028,9679.761669050275,forecast_ensemble_total,Malaysia,Sabah
Malaysia,Sarawak,2026,6833.446724225306,forecast_ensemble_total,Malaysia,Sarawak
Malaysia,Sarawak,2027,7470.773422768983,forecast_ensemble_total,Malaysia,Sarawak
Malaysia,Sarawak,2028,7984.907241275069,forecast_ensemble_total,Malaysia,Sarawak
Malaysia,Selangor,2026,11638.78115538906,forecast_ensemble_total,Malaysia,Selangor
Malaysia,Selangor,2027,12875.37072841819,forecast_ensemble_total,Malaysia,Selangor
Malaysia,Selangor,2028,13757.74025973041,forecast_ensemble_total,Malaysia,Selangor
Malaysia,Terengganu,2026,5973.544047198683,forecast_ensemble_total,Malaysia,Terengganu
Malaysia,Terengganu,2027,6351.207657224159,forecast_ensemble_total,Malaysia,Terengganu
Malaysia,Terengganu,2028,6746.194199622678,forecast_ensemble_total,Malaysia,Terengganu
Malaysia,W.P. Kuala Lumpur,2026,11516.23847627568,forecast_ensemble_total,Malaysia,Kuala Lumpur
Malaysia,W.P. Kuala Lumpur,2027,13781.1224057959,forecast_ensemble_total,Malaysia,Kuala Lumpur
Malaysia,W.P. Kuala Lumpur,2028,16089.97843073908,forecast_ensemble_total,Malaysia,Kuala Lumpur
Malaysia,W.P. Labuan,2026,309.5105383024622,forecast_ensemble_total,Malaysia,Labuan
Malaysia,W.P. Labuan,2027,376.9635594494019,forecast_ensemble_total,Malaysia,Labuan
Malaysia,W.P. Labuan,2028,447.7313453145912,forecast_ensemble_total,Malaysia,Labuan
Malaysia,W.P. Putrajaya,2026,1043.935223406686,forecast_ensemble_total,Malaysia,Putrajaya
Malaysia,W.P. Putrajaya,2027,1224.393524566524,forecast_ensemble_total,Malaysia,Putrajaya
Malaysia,W.P. Putrajaya,2028,1433.444106457534,forecast_ensemble_total,Malaysia,Putrajaya
